#,Player,Team,Matches,Batting,Bowling,Fielding,Other,MOM #,Total
1.0,Sam Sabharwal,Windsor Tigers CC,16.0,2213.0,380.0,130.0,250.0,5.0,2973.0
,Windsor Tigers CC,,,,,,,,
2.0,Imran Khan,Chatham CC,15.0,1938.0,700.0,80.0,200.0,4.0,2918.0
,Chatham CC,,,,,,,,
3.0,Rama Tarun Ganne,Windsor Royals CC,19.0,2277.0,0.0,260.0,250.0,5.0,2787.0
,Windsor Royals CC,,,,,,,,
4.0,Sahil Sharma,Windsor Royals CC,19.0,1900.0,540.0,100.0,150.0,3.0,2690.0
,Windsor Royals CC,,,,,,,,
5.0,Karamjit Sohal,WEUnited CC,17.0,1295.0,990.0,100.0,200.0,4.0,2585.0
,WEUnited CC,,,,,,,,
6.0,Meghrajsinh Solanki,WEUnited CC,19.0,1556.0,700.0,90.0,150.0,3.0,2496.0
,WEUnited CC,,,,,,,,
7.0,Binay Kumar,Windsor Lions CC,18.0,1474.0,730.0,130.0,150.0,3.0,2484.0
,Windsor Lions CC,,,,,,,,
8.0,Tanmeet Singh,EOCC,13.0,1405.0,750.0,70.0,150.0,3.0,2375.0
,EOCC,,,,,,,,
9.0,Gurpreet Gopi,Malik CC,19.0,1860.0,0.0,130.0,300.0,6.0,2290.0
,Malik CC,,,,,,,,
10.0,Dhruv Patel,Gujarat Lions CC,13.0,1390.0,700.0,40.0,150.0,3.0,2280.0
,Gujarat Lions CC,,,,,,,,
11.0,sai charan,Trophy Fighters,16.0,1149.0,810.0,110.0,200.0,4.0,2269.0
,Trophy Fighters,,,,,,,,
12.0,Rushabh Kumar Patel,Punjab XI CC,18.0,1151.0,700.0,170.0,200.0,4.0,2221.0
,Punjab XI CC,,,,,,,,
13.0,Akshit Naik,Gujarat Super Lions,16.0,1171.0,690.0,110.0,150.0,3.0,2121.0
,Gujarat Super Lions,,,,,,,,
14.0,Sai Santosh Uppalapati,Super Chargers,17.0,1593.0,0.0,350.0,100.0,2.0,2043.0
,Super Chargers,,,,,,,,
15.0,Vishal Patel,Gujarat Super Lions,17.0,1622.0,50.0,190.0,100.0,2.0,1962.0
,Gujarat Super Lions,,,,,,,,
16.0,Hamza Chohan,Malik CC,16.0,873.0,890.0,70.0,100.0,2.0,1933.0
,Malik CC,,,,,,,,
17.0,Naveen Burugupalli,Super Chargers,17.0,1430.0,190.0,110.0,150.0,3.0,1880.0
,Super Chargers,,,,,,,,
18.0,Ashok Pereddy,Vulcans CC,16.0,1227.0,450.0,150.0,50.0,1.0,1877.0
,Vulcans CC,,,,,,,,
19.0,Chandan Sharma,Windsor Lions 2,16.0,1614.0,80.0,130.0,50.0,1.0,1874.0
,Windsor Lions 2,,,,,,,,
20.0,Prabhjot (Sunny) Saini,Windsor Royals CC,19.0,1663.0,10.0,50.0,150.0,3.0,1873.0
,Windsor Royals CC,,,,,,,,
21.0,Atif Sabir,Optimist CC,14.0,1528.0,220.0,20.0,100.0,2.0,1868.0
,Optimist CC,,,,,,,,
22.0,Vijayamadhu Vanga,Super Chargers,17.0,860.0,760.0,170.0,50.0,1.0,1840.0
,Super Chargers,,,,,,,,
23.0,Sahajbeer Virk,Windsor Tigers CC,16.0,761.0,900.0,110.0,50.0,1.0,1821.0
,Windsor Tigers CC,,,,,,,,
24.0,Manpreet Saini,Windsor Tigers CC,18.0,1589.0,0.0,120.0,50.0,1.0,1759.0
,Windsor Tigers CC,,,,,,,,
25.0,Vinay Katikala,Mavericks CC,11.0,1207.0,380.0,30.0,100.0,2.0,1717.0
,Mavericks CC,,,,,,,,
26.0,Kiran Patel,Gujarat Super Lions,16.0,984.0,550.0,80.0,100.0,2.0,1714.0
,Gujarat Super Lions,,,,,,,,
27.0,Praveen Raj Udayakumar,Renegades CC,13.0,576.0,1030.0,50.0,50.0,1.0,1706.0
,Renegades CC,,,,,,,,
28.0,Rajat Batta,Windsor Lions CC,14.0,1260.0,260.0,80.0,100.0,2.0,1700.0
,Windsor Lions CC,,,,,,,,
29.0,Nadeem Aslam,Alpha XI,15.0,1033.0,390.0,130.0,100.0,2.0,1653.0
,Alpha XI,,,,,,,,
30.0,Gaganjot Singh,Punjab XI CC,13.0,1362.0,70.0,90.0,100.0,2.0,1622.0
,Punjab XI CC,,,,,,,,
31.0,Vijaya Bhaskara Reddy Marri,Trophy Fighters,17.0,713.0,590.0,100.0,150.0,3.0,1553.0
,Trophy Fighters,,,,,,,,
32.0,Prabhjot Gill,Windsor Tigers CC,16.0,1163.0,240.0,120.0,0.0,0.0,1523.0
,Windsor Tigers CC,,,,,,,,
33.0,Adit Thakkar,Windsor Warriors,14.0,848.0,420.0,140.0,100.0,2.0,1508.0
,Windsor Warriors,,,,,,,,
34.0,Mukund Bhajikhau,WEUnited CC,16.0,793.0,440.0,110.0,150.0,3.0,1493.0
,WEUnited CC,,,,,,,,
35.0,Kapil Nain,Windsor Royals CC,18.0,930.0,520.0,40.0,0.0,0.0,1490.0
,Windsor Royals CC,,,,,,,,
36.0,Dhairya Bhatt,Windsor Warriors,14.0,508.0,780.0,60.0,100.0,2.0,1448.0
,Windsor Warriors,,,,,,,,
37.0,Jhudia Cruze,Cavaliers CC of Windsor,16.0,970.0,300.0,100.0,50.0,1.0,1420.0
,Cavaliers CC of Windsor,,,,,,,,
38.0,Jaipal Singh,Windsor Tigers CC,16.0,1135.0,90.0,90.0,100.0,2.0,1415.0
,Windsor Tigers CC,,,,,,,,
39.0,Hasan Mahmudul,Malik CC,14.0,771.0,540.0,40.0,50.0,1.0,1401.0
,Malik CC,,,,,,,,
40.0,Tarik Khan,Malik CC,15.0,1181.0,150.0,60.0,0.0,0.0,1391.0
,Malik CC,,,,,,,,
41.0,Gowtham Sivakumar,Renegades CC,16.0,549.0,600.0,130.0,100.0,2.0,1379.0
,Renegades CC,,,,,,,,
42.0,Dev Singh,Vulcans CC,14.0,787.0,450.0,90.0,50.0,1.0,1377.0
,Vulcans CC,,,,,,,,
43.0,Gursewak Singh Cheema,Windsor Lions 2,19.0,747.0,500.0,70.0,50.0,1.0,1367.0
,Windsor Lions 2,,,,,,,,
44.0,Mukesh Jhally,Windsor Lions 2,18.0,715.0,520.0,130.0,0.0,0.0,1365.0
,Windsor Lions 2,,,,,,,,
45.0,Amul Phondni,Windsor Lions 2,16.0,647.0,420.0,120.0,150.0,3.0,1337.0
,Windsor Lions 2,,,,,,,,
46.0,Surendar Thammineni,Super Chargers,17.0,507.0,740.0,70.0,0.0,0.0,1317.0
,Super Chargers,,,,,,,,
47.0,Ajith Rengaraj,Renegades CC,17.0,1233.0,0.0,60.0,0.0,0.0,1293.0
,Renegades CC,,,,,,,,
48.0,Sahas Ashwatha,Windsor Royals CC,19.0,570.0,580.0,100.0,0.0,0.0,1250.0
,Windsor Royals CC,,,,,,,,
49.0,Mac Lopes,Vulcans CC,15.0,547.0,570.0,50.0,50.0,1.0,1217.0
,Vulcans CC,,,,,,,,
50.0,Nirav Patel,Gujarat Lions CC,10.0,500.0,520.0,90.0,100.0,2.0,1210.0
,Gujarat Lions CC,,,,,,,,
51.0,Rahul Dua,Windsor Lions CC,17.0,636.0,460.0,60.0,50.0,1.0,1206.0
,Windsor Lions CC,,,,,,,,
52.0,Kranthi Ganapathiraju,Super Chargers,17.0,283.0,800.0,120.0,0.0,0.0,1203.0
,Super Chargers,,,,,,,,
53.0,Rashid Ahmad,Windsor Lions CC,17.0,955.0,210.0,30.0,0.0,0.0,1195.0
,Windsor Lions CC,,,,,,,,
54.0,Akram Shaik,Windsor Warriors,13.0,913.0,110.0,60.0,100.0,2.0,1183.0
,Windsor Warriors,,,,,,,,
55.0,Ranjot Basra,Alpha XI,13.0,628.0,420.0,60.0,50.0,1.0,1158.0
,Alpha XI,,,,,,,,
56.0,Yadhu Krishna,EOCC,14.0,887.0,70.0,90.0,100.0,2.0,1147.0
,EOCC,,,,,,,,
57.0,Manas Khurana,Windsor Lions 2,16.0,795.0,220.0,30.0,100.0,2.0,1145.0
,Windsor Lions 2,,,,,,,,
58.0,Nilkanth Patel,Gujarat Super Lions,16.0,828.0,180.0,80.0,50.0,1.0,1138.0
,Gujarat Super Lions,,,,,,,,
59.0,Gagandeep Singh,Windsor Lions 2,17.0,701.0,400.0,30.0,0.0,0.0,1131.0
,Windsor Lions 2,,,,,,,,
60.0,Areeb Haroon,Cavaliers CC of Windsor,14.0,142.0,850.0,30.0,100.0,2.0,1122.0
,Cavaliers CC of Windsor,,,,,,,,
61.0,Divyesh Patel,EOCC,17.0,972.0,130.0,20.0,0.0,0.0,1122.0
,EOCC,,,,,,,,
62.0,Dheemanth Manikonda,Windsor Royals CC,16.0,323.0,650.0,90.0,50.0,1.0,1113.0
,Windsor Royals CC,,,,,,,,
63.0,Manpreet Singh,Punjab XI CC,15.0,892.0,0.0,220.0,0.0,0.0,1112.0
,Punjab XI CC,,,,,,,,
64.0,Ram Mummareddy,Super Chargers,15.0,620.0,350.0,90.0,50.0,1.0,1110.0
,Super Chargers,,,,,,,,
65.0,Mohibullah Habibzai,Windsor Lions CC,13.0,209.0,750.0,90.0,50.0,1.0,1099.0
,Windsor Lions CC,,,,,,,,
66.0,Aizaaz Saeed,Cavaliers CC of Windsor,17.0,489.0,520.0,60.0,0.0,0.0,1069.0
,Cavaliers CC of Windsor,,,,,,,,
67.0,Nisarg Tailor,Windsor Lancers CC,13.0,85.0,910.0,70.0,0.0,0.0,1065.0
,Windsor Lancers CC,,,,,,,,
68.0,Imran Bashir,Optimist CC,13.0,404.0,550.0,60.0,50.0,1.0,1064.0
,Optimist CC,,,,,,,,
69.0,William Michaelsamy,Renegades X,13.0,111.0,920.0,30.0,0.0,0.0,1061.0
,Renegades X,,,,,,,,
70.0,Amarjit Singh,Chatham CC,9.0,283.0,610.0,40.0,100.0,2.0,1033.0
,Chatham CC,,,,,,,,
71.0,Dinesh Kumar Ancha,Super Chargers,17.0,401.0,490.0,140.0,0.0,0.0,1031.0
,Super Chargers,,,,,,,,
72.0,Umair Sharif,Optimist CC,15.0,316.0,610.0,50.0,50.0,1.0,1026.0
,Optimist CC,,,,,,,,
73.0,Tejas Joshi,WEUnited CC,19.0,820.0,0.0,200.0,0.0,0.0,1020.0
,WEUnited CC,,,,,,,,
74.0,Harsh Patel,Gujarat Super Lions,12.0,480.0,500.0,30.0,0.0,0.0,1010.0
,Gujarat Super Lions,,,,,,,,
75.0,Sajheet Shetty,Renegades CC,14.0,864.0,0.0,90.0,50.0,1.0,1004.0
,Renegades CC,,,,,,,,
76.0,Smit Bardoli,Super Chargers,17.0,788.0,0.0,60.0,150.0,3.0,998.0
,Super Chargers,,,,,,,,
77.0,Rajan Patel,Gujarat Lions CC,12.0,446.0,400.0,100.0,50.0,1.0,996.0
,Gujarat Lions CC,,,,,,,,
78.0,Ashwinraj Gnanavel,Renegades X,12.0,883.0,0.0,110.0,0.0,0.0,993.0
,Renegades X,,,,,,,,
79.0,Sharath Shankar,Windsor Lancers CC,14.0,545.0,320.0,120.0,0.0,0.0,985.0
,Windsor Lancers CC,,,,,,,,
80.0,Arjun Patel,Gujarat Lions CC,14.0,258.0,590.0,130.0,0.0,0.0,978.0
,Gujarat Lions CC,,,,,,,,
81.0,Kemar Walcott,Cavaliers CC of Windsor,16.0,45.0,800.0,80.0,50.0,1.0,975.0
,Cavaliers CC of Windsor,,,,,,,,
82.0,Aniket Sharma,EOCC,16.0,677.0,270.0,20.0,0.0,0.0,967.0
,EOCC,,,,,,,,
83.0,Adil Shinwari,Cavaliers CC of Windsor,9.0,547.0,340.0,80.0,0.0,0.0,967.0
,Cavaliers CC of Windsor,,,,,,,,
84.0,Jagroop Singh,Windsor Lions 2,18.0,790.0,50.0,70.0,50.0,1.0,960.0
,Windsor Lions 2,,,,,,,,
85.0,Md Nafiuzzaman,Cavaliers CC of Windsor,17.0,869.0,10.0,30.0,50.0,1.0,959.0
,Cavaliers CC of Windsor,,,,,,,,
86.0,Hardik Trivedi,WEUnited CC,13.0,765.0,60.0,30.0,100.0,2.0,955.0
,WEUnited CC,,,,,,,,
87.0,Ikram Ali Khokhar,Malik CC,16.0,53.0,740.0,110.0,50.0,1.0,953.0
,Malik CC,,,,,,,,
88.0,Kiran Kumar T B,Trophy Fighters,10.0,690.0,150.0,10.0,100.0,2.0,950.0
,Trophy Fighters,,,,,,,,
89.0,Raza Malik,Malik CC,18.0,878.0,0.0,70.0,0.0,0.0,948.0
,Malik CC,,,,,,,,
90.0,Muhammad Arif Khan,Lasalle Lightning CC,13.0,98.0,800.0,50.0,0.0,0.0,948.0
,Lasalle Lightning CC,,,,,,,,
91.0,Muhammad Abdullah,Alpha XI,15.0,427.0,430.0,80.0,0.0,0.0,937.0
,Alpha XI,,,,,,,,
92.0,Naveen Bhoopal,Renegades CC,13.0,855.0,-50.0,30.0,100.0,2.0,935.0
,Renegades CC,,,,,,,,
93.0,Amar Reddy,Chatham CC,14.0,314.0,530.0,40.0,50.0,1.0,934.0
,Chatham CC,,,,,,,,
94.0,Mohamed Fiazul Hasan Raja Abdul Rahman,Windsor Lancers CC,8.0,722.0,0.0,60.0,150.0,3.0,932.0
,Windsor Lancers CC,,,,,,,,
95.0,Ghoshit Patel,Underdogs CC,10.0,258.0,500.0,70.0,100.0,2.0,928.0
,Underdogs CC,,,,,,,,
96.0,Samrat Klair,Punjab XI CC,18.0,734.0,0.0,140.0,50.0,1.0,924.0
,Punjab XI CC,,,,,,,,
97.0,Aryan Khullar,Windsor Lions CC,14.0,148.0,640.0,70.0,50.0,1.0,908.0
,Windsor Lions CC,,,,,,,,
98.0,Mohit Bhatia,Windsor Tigers CC,18.0,540.0,290.0,70.0,0.0,0.0,900.0
,Windsor Tigers CC,,,,,,,,
99.0,Harsh Desai,Windsor Lions 2,8.0,567.0,320.0,10.0,0.0,0.0,897.0
,Windsor Lions 2,,,,,,,,
100.0,Abdullah Qureshi,Lasalle Lightning CC,10.0,856.0,0.0,40.0,0.0,0.0,896.0
,Lasalle Lightning CC,,,,,,,,
101.0,Vikram Dahiya,Vulcans CC,16.0,614.0,130.0,100.0,50.0,1.0,894.0
,Vulcans CC,,,,,,,,
102.0,Mit Patel,WEUnited CC,18.0,131.0,680.0,70.0,0.0,0.0,881.0
,WEUnited CC,,,,,,,,
103.0,Shivam Jadeja,Gujarat Super Lions,7.0,689.0,30.0,60.0,100.0,2.0,879.0
,Gujarat Super Lions,,,,,,,,
104.0,Gurveer Singh Sran,Windsor Royals CC,16.0,207.0,480.0,90.0,100.0,2.0,877.0
,Windsor Royals CC,,,,,,,,
105.0,Maninder Brar,Punjab XI CC,16.0,408.0,410.0,50.0,0.0,0.0,868.0
,Punjab XI CC,,,,,,,,
106.0,Riaz Ali Lashari,Alpha XI,16.0,824.0,0.0,40.0,0.0,0.0,864.0
,Alpha XI,,,,,,,,
107.0,Harman Brar,Windsor Lions CC,3.0,722.0,0.0,40.0,100.0,2.0,862.0
,Windsor Lions CC,,,,,,,,
108.0,Jaspinder Singh,Malik CC,17.0,720.0,0.0,40.0,100.0,2.0,860.0
,Malik CC,,,,,,,,
109.0,Anmol Chahal,Punjab XI CC,17.0,774.0,0.0,80.0,0.0,0.0,854.0
,Punjab XI CC,,,,,,,,
110.0,Udaypratap Singh,Gujarat Lions CC,14.0,739.0,0.0,60.0,50.0,1.0,849.0
,Gujarat Lions CC,,,,,,,,
111.0,Rizwan Baig,Cavaliers CC of Windsor,12.0,727.0,0.0,20.0,100.0,2.0,847.0
,Cavaliers CC of Windsor,,,,,,,,
112.0,Manish Patel,EOCC,11.0,327.0,410.0,60.0,50.0,1.0,847.0
,EOCC,,,,,,,,
113.0,Jurred Jones,Cavaliers CC of Windsor,16.0,521.0,160.0,160.0,0.0,0.0,841.0
,Cavaliers CC of Windsor,,,,,,,,
114.0,Smit Prajapati,EOCC,15.0,344.0,340.0,100.0,50.0,1.0,834.0
,EOCC,,,,,,,,
115.0,Abhishek Mishra,EOCC,15.0,688.0,10.0,130.0,0.0,0.0,828.0
,EOCC,,,,,,,,
116.0,Karthik Raja,Renegades CC,16.0,664.0,-10.0,70.0,100.0,2.0,824.0
,Renegades CC,,,,,,,,
117.0,Upendra Patike,Street Strikers,8.0,541.0,110.0,120.0,50.0,1.0,821.0
,Street Strikers,,,,,,,,
118.0,Harjeet Singh,Punjab XI CC,16.0,68.0,700.0,50.0,0.0,0.0,818.0
,Punjab XI CC,,,,,,,,
119.0,Smit Gheewala,Windsor Lancers CC,11.0,727.0,0.0,90.0,0.0,0.0,817.0
,Windsor Lancers CC,,,,,,,,
120.0,Gagan Deep,Optimist CC,15.0,-13.0,770.0,50.0,0.0,0.0,807.0
,Optimist CC,,,,,,,,
121.0,Beantjeet Singh,Windsor Royals CC,18.0,764.0,0.0,40.0,0.0,0.0,804.0
,Windsor Royals CC,,,,,,,,
122.0,Simran Jeet,Optimist CC,13.0,651.0,-20.0,120.0,50.0,1.0,801.0
,Optimist CC,,,,,,,,
123.0,Khadagapani Reddy Jayareddy,Vulcans CC,15.0,376.0,330.0,90.0,0.0,0.0,796.0
,Vulcans CC,,,,,,,,
124.0,Neeraj A,Alpha XI,10.0,244.0,460.0,40.0,50.0,1.0,794.0
,Alpha XI,,,,,,,,
125.0,Keyoor Buch,Optimist CC,13.0,443.0,120.0,170.0,50.0,1.0,783.0
,Optimist CC,,,,,,,,
126.0,Collvon King,Cavaliers CC of Windsor,9.0,442.0,220.0,70.0,50.0,1.0,782.0
,Cavaliers CC of Windsor,,,,,,,,
127.0,Vadhul Krishnan,Renegades X,10.0,680.0,0.0,100.0,0.0,0.0,780.0
,Renegades X,,,,,,,,
128.0,Gopi Nedamarthi,Mavericks CC,14.0,159.0,450.0,170.0,0.0,0.0,779.0
,Mavericks CC,,,,,,,,
129.0,Imran Khan,Malik CC,17.0,577.0,0.0,200.0,0.0,0.0,777.0
,Malik CC,,,,,,,,
130.0,Alister Lopes,Vulcans CC,15.0,596.0,110.0,70.0,0.0,0.0,776.0
,Vulcans CC,,,,,,,,
131.0,Nikunj Dankhara,Windsor Lancers CC,15.0,656.0,60.0,10.0,50.0,1.0,776.0
,Windsor Lancers CC,,,,,,,,
132.0,Rustam Bhatti,Alpha XI,8.0,645.0,0.0,80.0,50.0,1.0,775.0
,Alpha XI,,,,,,,,
133.0,John Ouseph,Renegades CC,13.0,72.0,650.0,50.0,0.0,0.0,772.0
,Renegades CC,,,,,,,,
134.0,Nadir Khan,Chatham CC,16.0,581.0,100.0,90.0,0.0,0.0,771.0
,Chatham CC,,,,,,,,
135.0,Hamad Shah,Chatham CC,8.0,627.0,130.0,10.0,0.0,0.0,767.0
,Chatham CC,,,,,,,,
136.0,Sai Karthik,Street Strikers,8.0,346.0,330.0,40.0,50.0,1.0,766.0
,Street Strikers,,,,,,,,
137.0,Ripu Singh,Trophy Fighters,13.0,461.0,190.0,50.0,50.0,1.0,751.0
,Trophy Fighters,,,,,,,,
138.0,Maulik Gabani,Alpha XI,9.0,465.0,160.0,70.0,50.0,1.0,745.0
,Alpha XI,,,,,,,,
139.0,Abhi Sannagiri,Mavericks CC,14.0,205.0,410.0,130.0,0.0,0.0,745.0
,Mavericks CC,,,,,,,,
140.0,Goutham Reddy,Vulcans CC,13.0,173.0,510.0,60.0,0.0,0.0,743.0
,Vulcans CC,,,,,,,,
141.0,Varun Sharma,WEUnited CC,14.0,235.0,430.0,70.0,0.0,0.0,735.0
,WEUnited CC,,,,,,,,
142.0,Aman Singh,WEUnited CC,13.0,664.0,0.0,20.0,50.0,1.0,734.0
,WEUnited CC,,,,,,,,
143.0,Keval Vasra,Windsor Lancers CC,15.0,434.0,210.0,90.0,0.0,0.0,734.0
,Windsor Lancers CC,,,,,,,,
144.0,Srikanth Vasavi,Mavericks CC,13.0,189.0,480.0,50.0,0.0,0.0,719.0
,Mavericks CC,,,,,,,,
145.0,Nirmal Gill,Punjab XI CC,15.0,706.0,0.0,10.0,0.0,0.0,716.0
,Punjab XI CC,,,,,,,,
146.0,Pavan Bandi,Renegades CC,13.0,592.0,0.0,70.0,50.0,1.0,712.0
,Renegades CC,,,,,,,,
147.0,Viraj Patel,WEUnited CC,12.0,22.0,660.0,30.0,0.0,0.0,712.0
,WEUnited CC,,,,,,,,
148.0,Glenroy Lumely,Cavaliers CC of Windsor,8.0,608.0,0.0,50.0,50.0,1.0,708.0
,Cavaliers CC of Windsor,,,,,,,,
149.0,Shahzeb Akram,WEUnited CC,20.0,514.0,0.0,120.0,50.0,1.0,684.0
,WEUnited CC,,,,,,,,
150.0,Amit Sharma,Trophy Fighters,14.0,562.0,0.0,120.0,0.0,0.0,682.0
,Trophy Fighters,,,,,,,,
151.0,Nikhil Ghattamaneni,Mavericks CC,13.0,569.0,40.0,20.0,50.0,1.0,679.0
,Mavericks CC,,,,,,,,
152.0,Aftab Malik,Malik CC,14.0,25.0,600.0,40.0,0.0,0.0,665.0
,Malik CC,,,,,,,,
153.0,Sohail Malik,Malik CC,17.0,364.0,190.0,60.0,50.0,1.0,664.0
,Malik CC,,,,,,,,
154.0,Santokhsar Singh,Windsor Lions 2,17.0,7.0,590.0,60.0,0.0,0.0,657.0
,Windsor Lions 2,,,,,,,,
155.0,Honey Saini,Windsor Tigers CC,16.0,264.0,230.0,160.0,0.0,0.0,654.0
,Windsor Tigers CC,,,,,,,,
156.0,Harman Brar,Underdogs CC,7.0,583.0,0.0,70.0,0.0,0.0,653.0
,Underdogs CC,,,,,,,,
157.0,Taimoor Javed,Lasalle Lightning CC,13.0,408.0,150.0,90.0,0.0,0.0,648.0
,Lasalle Lightning CC,,,,,,,,
158.0,Yousof Totakhil,Windsor Warriors,13.0,338.0,250.0,60.0,0.0,0.0,648.0
,Windsor Warriors,,,,,,,,
159.0,Leela M Kondeparthi,Mavericks CC,13.0,494.0,20.0,110.0,0.0,0.0,624.0
,Mavericks CC,,,,,,,,
160.0,Ganga Singh,Windsor Lions CC,16.0,443.0,0.0,180.0,0.0,0.0,623.0
,Windsor Lions CC,,,,,,,,
161.0,Neil Contractor,Alpha XI,15.0,541.0,0.0,80.0,0.0,0.0,621.0
,Alpha XI,,,,,,,,
162.0,Shivam Rajput,Windsor Royals CC,16.0,346.0,210.0,60.0,0.0,0.0,616.0
,Windsor Royals CC,,,,,,,,
163.0,Pardeep Singh,Punjab XI CC,12.0,64.0,400.0,50.0,100.0,2.0,614.0
,Punjab XI CC,,,,,,,,
164.0,Bobby Venktesh,Windsor Lions 2,18.0,330.0,0.0,230.0,50.0,1.0,610.0
,Windsor Lions 2,,,,,,,,
165.0,Faizaan Munim,Chatham CC,4.0,209.0,300.0,50.0,50.0,1.0,609.0
,Chatham CC,,,,,,,,
166.0,Raj Sabalpara,Windsor Lancers CC,12.0,278.0,270.0,60.0,0.0,0.0,608.0
,Windsor Lancers CC,,,,,,,,
167.0,Gurkirat Singh,Vulcans CC,14.0,526.0,0.0,30.0,50.0,1.0,606.0
,Vulcans CC,,,,,,,,
168.0,Chaitanya Thokala,Trophy Fighters,12.0,498.0,70.0,30.0,0.0,0.0,598.0
,Trophy Fighters,,,,,,,,
169.0,Karan Singh,Windsor Tigers CC,17.0,528.0,20.0,40.0,0.0,0.0,588.0
,Windsor Tigers CC,,,,,,,,
170.0,Vignesh Ganapathy,Renegades X,11.0,346.0,180.0,60.0,0.0,0.0,586.0
,Renegades X,,,,,,,,
171.0,Karan Adhaduk,WEUnited CC,16.0,496.0,0.0,90.0,0.0,0.0,586.0
,WEUnited CC,,,,,,,,
172.0,Arshdeep Singh,Punjab XI CC,4.0,309.0,190.0,30.0,50.0,1.0,579.0
,Punjab XI CC,,,,,,,,
173.0,Jignesh Patel,Gujarat Lions CC,12.0,73.0,490.0,10.0,0.0,0.0,573.0
,Gujarat Lions CC,,,,,,,,
174.0,Faisal Wahid,Windsor Warriors,9.0,532.0,20.0,20.0,0.0,0.0,572.0
,Windsor Warriors,,,,,,,,
175.0,Rohith V,Trophy Fighters,4.0,387.0,120.0,10.0,50.0,1.0,567.0
,Trophy Fighters,,,,,,,,
176.0,Jasleen Bhatti,Punjab XI CC,17.0,0.0,510.0,50.0,0.0,0.0,560.0
,Punjab XI CC,,,,,,,,
177.0,Luqman Ahmad,Windsor Lions CC,18.0,293.0,90.0,170.0,0.0,0.0,553.0
,Windsor Lions CC,,,,,,,,
178.0,Shabbir Stationwala,Windsor Warriors,9.0,373.0,150.0,30.0,0.0,0.0,553.0
,Windsor Warriors,,,,,,,,
179.0,Rohit Kataria,Windsor Tigers CC,11.0,-10.0,480.0,30.0,50.0,1.0,550.0
,Windsor Tigers CC,,,,,,,,
180.0,Anooplal Ravi,Renegades CC,15.0,96.0,350.0,100.0,0.0,0.0,546.0
,Renegades CC,,,,,,,,
181.0,Vasudevareddy Vulavala,Windsor Lancers CC,11.0,226.0,280.0,40.0,0.0,0.0,546.0
,Windsor Lancers CC,,,,,,,,
182.0,Jaspreet Brar,Windsor Tigers CC,16.0,25.0,490.0,30.0,0.0,0.0,545.0
,Windsor Tigers CC,,,,,,,,
183.0,Divya Patel,Renegades X,11.0,323.0,150.0,70.0,0.0,0.0,543.0
,Renegades X,,,,,,,,
184.0,Ravinder Singh,Windsor Lions 2,15.0,368.0,90.0,80.0,0.0,0.0,538.0
,Windsor Lions 2,,,,,,,,
185.0,Farooq Hyder,Lasalle Lightning CC,8.0,42.0,380.0,50.0,50.0,1.0,522.0
,Lasalle Lightning CC,,,,,,,,
186.0,Alger A,Alpha XI,14.0,442.0,0.0,20.0,50.0,1.0,512.0
,Alpha XI,,,,,,,,
187.0,Sanam Mehta,Vulcans CC,13.0,122.0,200.0,140.0,50.0,1.0,512.0
,Vulcans CC,,,,,,,,
188.0,Gurjot Singh,Windsor Warriors,9.0,170.0,260.0,80.0,0.0,0.0,510.0
,Windsor Warriors,,,,,,,,
189.0,Anirudh Gururajan,Windsor Lions CC,4.0,489.0,0.0,20.0,0.0,0.0,509.0
,Windsor Lions CC,,,,,,,,
190.0,Nikhil Kakumanu,Super Chargers,16.0,37.0,340.0,130.0,0.0,0.0,507.0
,Super Chargers,,,,,,,,
191.0,Vignesh Vaidyanathan,Renegades X,9.0,416.0,0.0,40.0,50.0,1.0,506.0
,Renegades X,,,,,,,,
192.0,Jay Bhimani,Renegades CC,11.0,144.0,300.0,60.0,0.0,0.0,504.0
,Renegades CC,,,,,,,,
193.0,Ram Bodhe,Windsor Lancers CC,16.0,13.0,420.0,70.0,0.0,0.0,503.0
,Windsor Lancers CC,,,,,,,,
194.0,Yash Pandya,Windsor Dominion CC,9.0,333.0,160.0,10.0,0.0,0.0,503.0
,Windsor Dominion CC,,,,,,,,
195.0,Chetan Nawale,Renegades X,3.0,381.0,90.0,30.0,0.0,0.0,501.0
,Renegades X,,,,,,,,
196.0,Sarim Khan,Optimist CC,9.0,40.0,390.0,10.0,50.0,1.0,490.0
,Optimist CC,,,,,,,,
197.0,Parth Patel,EOCC,11.0,12.0,420.0,40.0,0.0,0.0,472.0
,EOCC,,,,,,,,
198.0,Muhammad Usman,Lasalle Lightning CC,14.0,80.0,290.0,100.0,0.0,0.0,470.0
,Lasalle Lightning CC,,,,,,,,
199.0,Prince Kakadiya,WEUnited CC,14.0,308.0,40.0,70.0,50.0,1.0,468.0
,WEUnited CC,,,,,,,,
200.0,Jaspreet Singh,Punjab XI CC,13.0,45.0,300.0,70.0,50.0,1.0,465.0
,Punjab XI CC,,,,,,,,
201.0,Raghav Sharma,EOCC,12.0,-18.0,410.0,70.0,0.0,0.0,462.0
,EOCC,,,,,,,,
202.0,Malay Mehta,Windsor Lions CC,13.0,21.0,350.0,40.0,50.0,1.0,461.0
,Windsor Lions CC,,,,,,,,
203.0,Peter Anglican,Gujarat Super Lions,17.0,144.0,280.0,30.0,0.0,0.0,454.0
,Gujarat Super Lions,,,,,,,,
204.0,Waseem Arif,Windsor Dominion CC,9.0,275.0,120.0,50.0,0.0,0.0,445.0
,Windsor Dominion CC,,,,,,,,
205.0,Mandeep Sidhu,Windsor Tigers CC,12.0,-6.0,380.0,20.0,50.0,1.0,444.0
,Windsor Tigers CC,,,,,,,,
206.0,Simrat Buttar,Windsor Lions 2,14.0,164.0,210.0,70.0,0.0,0.0,444.0
,Windsor Lions 2,,,,,,,,
207.0,Anas Saqib,Alpha XI,12.0,250.0,60.0,130.0,0.0,0.0,440.0
,Alpha XI,,,,,,,,
208.0,Nisarg Pandya,Windsor Lancers CC,8.0,419.0,0.0,20.0,0.0,0.0,439.0
,Windsor Lancers CC,,,,,,,,
209.0,Hiren Patel,Gujarat Lions CC,12.0,376.0,0.0,60.0,0.0,0.0,436.0
,Gujarat Lions CC,,,,,,,,
210.0,Danish Siddiqui,Lasalle Lightning CC,10.0,396.0,-10.0,50.0,0.0,0.0,436.0
,Lasalle Lightning CC,,,,,,,,
211.0,Pujan Langadia,Optimist CC,13.0,325.0,10.0,100.0,0.0,0.0,435.0
,Optimist CC,,,,,,,,
212.0,ANKITKUMAR PATEL,Gujarat Super Lions,8.0,83.0,340.0,10.0,0.0,0.0,433.0
,Gujarat Super Lions,,,,,,,,
213.0,Sahil Lamba,Lasalle Lightning CC,9.0,52.0,300.0,20.0,50.0,1.0,422.0
,Lasalle Lightning CC,,,,,,,,
214.0,Hemant Bhardwaj,Underdogs CC,2.0,346.0,70.0,0.0,0.0,0.0,416.0
,Underdogs CC,,,,,,,,
215.0,Daniyaal Sohaib,Lasalle Lightning CC,12.0,181.0,190.0,40.0,0.0,0.0,411.0
,Lasalle Lightning CC,,,,,,,,
216.0,Anirudh Reddy R,Mavericks CC,13.0,130.0,230.0,50.0,0.0,0.0,410.0
,Mavericks CC,,,,,,,,
217.0,Sukhkirat Singh,FSC WINDSOR,6.0,329.0,60.0,20.0,0.0,0.0,409.0
,FSC WINDSOR,,,,,,,,
218.0,Omesh Reddy Anantha,Street Strikers,8.0,288.0,0.0,120.0,0.0,0.0,408.0
,Street Strikers,,,,,,,,
219.0,Bilal Qamar,Optimist CC,10.0,71.0,290.0,40.0,0.0,0.0,401.0
,Optimist CC,,,,,,,,
220.0,Surya Manchala,Renegades CC,9.0,266.0,0.0,130.0,0.0,0.0,396.0
,Renegades CC,,,,,,,,
221.0,Muhammad Harris,Lasalle Lightning CC,14.0,234.0,0.0,160.0,0.0,0.0,394.0
,Lasalle Lightning CC,,,,,,,,
222.0,Shahryar Ahmad,Windsor Lions CC,6.0,33.0,350.0,10.0,0.0,0.0,393.0
,Windsor Lions CC,,,,,,,,
223.0,Vamsi krishna,Mavericks CC,6.0,160.0,190.0,40.0,0.0,0.0,390.0
,Mavericks CC,,,,,,,,
224.0,Jatin Bhalla,Chatham CC,7.0,60.0,270.0,60.0,0.0,0.0,390.0
,Chatham CC,,,,,,,,
225.0,Ruchit Patel,Gujarat Super Lions,5.0,368.0,0.0,20.0,0.0,0.0,388.0
,Gujarat Super Lions,,,,,,,,
226.0,Harpreet Singh,Windsor Warriors,13.0,338.0,0.0,50.0,0.0,0.0,388.0
,Windsor Warriors,,,,,,,,
227.0,Kush Patel,Vulcans CC,11.0,6.0,310.0,70.0,0.0,0.0,386.0
,Vulcans CC,,,,,,,,
228.0,Abhishek Tyagi,Underdogs CC,7.0,44.0,310.0,30.0,0.0,0.0,384.0
,Underdogs CC,,,,,,,,
229.0,Pradith Jayathi,Trophy Fighters,4.0,326.0,0.0,0.0,50.0,1.0,376.0
,Trophy Fighters,,,,,,,,
230.0,Rudra Chauhan,EOCC,8.0,154.0,190.0,30.0,0.0,0.0,374.0
,EOCC,,,,,,,,
231.0,Mehmood Hussain,Windsor Dominion CC,3.0,253.0,120.0,0.0,0.0,0.0,373.0
,Windsor Dominion CC,,,,,,,,
232.0,Amandeep Singh,Windsor Lions CC,16.0,313.0,10.0,50.0,0.0,0.0,373.0
,Windsor Lions CC,,,,,,,,
233.0,Manohar Reddy Anukuri,Chatham CC,10.0,86.0,240.0,40.0,0.0,0.0,366.0
,Chatham CC,,,,,,,,
234.0,Pruthiv Anke,Optimist CC,7.0,303.0,0.0,10.0,50.0,1.0,363.0
,Optimist CC,,,,,,,,
235.0,Keyur Italia,Gujarat Lions CC,12.0,280.0,0.0,80.0,0.0,0.0,360.0
,Gujarat Lions CC,,,,,,,,
236.0,Om Patel,Underdogs CC,3.0,209.0,80.0,20.0,50.0,1.0,359.0
,Underdogs CC,,,,,,,,
237.0,Pradith Jayanthi,Trophy Fighters,7.0,336.0,10.0,10.0,0.0,0.0,356.0
,Trophy Fighters,,,,,,,,
238.0,Piyush Parate,Windsor Dominion CC,9.0,355.0,-10.0,10.0,0.0,0.0,355.0
,Windsor Dominion CC,,,,,,,,
239.0,Ashar Badar,Chatham CC,10.0,325.0,0.0,30.0,0.0,0.0,355.0
,Chatham CC,,,,,,,,
240.0,Sandeep Panjeta,FSC WINDSOR,7.0,312.0,40.0,0.0,0.0,0.0,352.0
,FSC WINDSOR,,,,,,,,
241.0,Dhruv Mehta,Windsor Lions CC,12.0,277.0,0.0,70.0,0.0,0.0,347.0
,Windsor Lions CC,,,,,,,,
242.0,Dipen Bhatt,Gujarat Super Lions,9.0,33.0,250.0,60.0,0.0,0.0,343.0
,Gujarat Super Lions,,,,,,,,
243.0,Aarav Kuyeskar,EOCC,1.0,213.0,70.0,10.0,50.0,1.0,343.0
,EOCC,,,,,,,,
244.0,Parkash Bhullar,Windsor Warriors,8.0,9.0,300.0,30.0,0.0,0.0,339.0
,Windsor Warriors,,,,,,,,
245.0,Tapan Rao,Gujarat Super Lions,8.0,46.0,250.0,40.0,0.0,0.0,336.0
,Gujarat Super Lions,,,,,,,,
246.0,Zain Rafi,Optimist CC,15.0,276.0,20.0,40.0,0.0,0.0,336.0
,Optimist CC,,,,,,,,
247.0,Samuel Dsouza,Vulcans CC,2.0,134.0,130.0,20.0,50.0,1.0,334.0
,Vulcans CC,,,,,,,,
248.0,Saikishore Reddy Buddol,Street Strikers,8.0,312.0,0.0,20.0,0.0,0.0,332.0
,Street Strikers,,,,,,,,
249.0,Amrit Khuttan,FSC WINDSOR,4.0,270.0,40.0,20.0,0.0,0.0,330.0
,FSC WINDSOR,,,,,,,,
250.0,Sreenath Reddy,Mavericks CC,11.0,233.0,0.0,90.0,0.0,0.0,323.0
,Mavericks CC,,,,,,,,
251.0,Avi Patel,Chatham CC,13.0,33.0,230.0,60.0,0.0,0.0,323.0
,Chatham CC,,,,,,,,
252.0,Jasvir Bal,Punjab XI CC,10.0,161.0,130.0,30.0,0.0,0.0,321.0
,Punjab XI CC,,,,,,,,
253.0,Robin Robin,St.Clair College,7.0,299.0,0.0,20.0,0.0,0.0,319.0
,St.Clair College,,,,,,,,
254.0,Asok Sampath,Renegades X,10.0,-2.0,300.0,20.0,0.0,0.0,318.0
,Renegades X,,,,,,,,
255.0,Sivakumar Ilango,Renegades X,10.0,196.0,100.0,20.0,0.0,0.0,316.0
,Renegades X,,,,,,,,
256.0,Bhuvanesh Gokul,Renegades CC,14.0,184.0,50.0,80.0,0.0,0.0,314.0
,Renegades CC,,,,,,,,
257.0,Ammar Hussain,Windsor Dominion CC,3.0,234.0,80.0,0.0,0.0,0.0,314.0
,Windsor Dominion CC,,,,,,,,
258.0,Kshitij Punj,Punjab XI CC,10.0,88.0,180.0,40.0,0.0,0.0,308.0
,Punjab XI CC,,,,,,,,
259.0,Navjeevan Singh,Malik CC,5.0,137.0,130.0,40.0,0.0,0.0,307.0
,Malik CC,,,,,,,,
260.0,Akhil Kumar,Mavericks CC,12.0,97.0,80.0,130.0,0.0,0.0,307.0
,Mavericks CC,,,,,,,,
261.0,Srivatsan Vasudevan,Renegades CC,8.0,216.0,70.0,20.0,0.0,0.0,306.0
,Renegades CC,,,,,,,,
262.0,Murali Kakarla,Trophy Fighters,11.0,-7.0,270.0,40.0,0.0,0.0,303.0
,Trophy Fighters,,,,,,,,
263.0,Samanth Patel,Underdogs CC,10.0,40.0,170.0,90.0,0.0,0.0,300.0
,Underdogs CC,,,,,,,,
264.0,Sai Akhil,Trophy Fighters,15.0,198.0,0.0,100.0,0.0,0.0,298.0
,Trophy Fighters,,,,,,,,
265.0,Ali Maqbool,Lasalle Lightning CC,9.0,37.0,190.0,70.0,0.0,0.0,297.0
,Lasalle Lightning CC,,,,,,,,
266.0,Adil Shinwar,Windsor Lions CC,6.0,165.0,110.0,20.0,0.0,0.0,295.0
,Windsor Lions CC,,,,,,,,
267.0,Harsh Rao,Gujarat Super Lions,6.0,34.0,190.0,70.0,0.0,0.0,294.0
,Gujarat Super Lions,,,,,,,,
268.0,Sukh-e khosa,Windsor Dominion CC,8.0,74.0,210.0,10.0,0.0,0.0,294.0
,Windsor Dominion CC,,,,,,,,
269.0,Shafiuddin Khan,Malik CC,10.0,51.0,230.0,10.0,0.0,0.0,291.0
,Malik CC,,,,,,,,
270.0,Lenwin Dsilva,Lasalle Lightning CC,10.0,269.0,0.0,20.0,0.0,0.0,289.0
,Lasalle Lightning CC,,,,,,,,
271.0,Kashif Saeed,Windsor Lions CC,11.0,137.0,90.0,60.0,0.0,0.0,287.0
,Windsor Lions CC,,,,,,,,
272.0,Krunalkumar Chaudhari,Windsor Lancers CC,12.0,246.0,-10.0,50.0,0.0,0.0,286.0
,Windsor Lancers CC,,,,,,,,
273.0,Om Dakoriya,St.Clair College,8.0,200.0,60.0,20.0,0.0,0.0,280.0
,St.Clair College,,,,,,,,
274.0,Siva Krishna Meesala,Mavericks CC,4.0,238.0,40.0,0.0,0.0,0.0,278.0
,Mavericks CC,,,,,,,,
275.0,Nishant Padhiyar,WEUnited CC,8.0,247.0,10.0,20.0,0.0,0.0,277.0
,WEUnited CC,,,,,,,,
276.0,Deepan Dhingra,Windsor Tigers CC,7.0,249.0,0.0,20.0,0.0,0.0,269.0
,Windsor Tigers CC,,,,,,,,
277.0,Mohd Shajid,EOCC,9.0,108.0,160.0,0.0,0.0,0.0,268.0
,EOCC,,,,,,,,
278.0,Srikanth Poshala,Chatham CC,14.0,167.0,50.0,50.0,0.0,0.0,267.0
,Chatham CC,,,,,,,,
279.0,Samuel Sadayone,Mavericks CC,3.0,-3.0,210.0,10.0,50.0,1.0,267.0
,Mavericks CC,,,,,,,,
280.0,Devendra Cheema Singh,Malik CC,10.0,6.0,230.0,30.0,0.0,0.0,266.0
,Malik CC,,,,,,,,
281.0,Parthik Modi,Chatham CC,9.0,235.0,0.0,30.0,0.0,0.0,265.0
,Chatham CC,,,,,,,,
282.0,Abdul Rauf,Windsor Lions CC,10.0,64.0,190.0,10.0,0.0,0.0,264.0
,Windsor Lions CC,,,,,,,,
283.0,Maurice Crosdale,Cavaliers CC of Windsor,17.0,102.0,0.0,160.0,0.0,0.0,262.0
,Cavaliers CC of Windsor,,,,,,,,
284.0,Murali Vijay Wardpalli Shyam,St.Clair College,8.0,191.0,30.0,40.0,0.0,0.0,261.0
,St.Clair College,,,,,,,,
285.0,Waqas Ahmed,Malik CC,10.0,-11.0,260.0,10.0,0.0,0.0,259.0
,Malik CC,,,,,,,,
286.0,Sahil Dubey,Underdogs CC,6.0,67.0,180.0,10.0,0.0,0.0,257.0
,Underdogs CC,,,,,,,,
287.0,Pavittar Bhandal,FSC WINDSOR,6.0,157.0,80.0,20.0,0.0,0.0,257.0
,FSC WINDSOR,,,,,,,,
288.0,Anwar Hosen,Chatham CC,9.0,196.0,0.0,60.0,0.0,0.0,256.0
,Chatham CC,,,,,,,,
289.0,Yogesh Ghai,Windsor Tigers CC,8.0,212.0,0.0,40.0,0.0,0.0,252.0
,Windsor Tigers CC,,,,,,,,
290.0,Kushal Sarao,Windsor Royals CC,12.0,0.0,250.0,0.0,0.0,0.0,250.0
,Windsor Royals CC,,,,,,,,
291.0,Anuj Shukla,Trophy Fighters,7.0,-2.0,250.0,0.0,0.0,0.0,248.0
,Trophy Fighters,,,,,,,,
292.0,Inderjit Rehal,Cavaliers CC of Windsor,11.0,186.0,0.0,60.0,0.0,0.0,246.0
,Cavaliers CC of Windsor,,,,,,,,
293.0,Mohmmad Ali,Windsor Lancers CC,1.0,86.0,100.0,10.0,50.0,1.0,246.0
,Windsor Lancers CC,,,,,,,,
294.0,Azan Ali,Optimist CC,5.0,223.0,20.0,0.0,0.0,0.0,243.0
,Optimist CC,,,,,,,,
295.0,Hemanth Bethapudi,Mavericks CC,14.0,111.0,130.0,0.0,0.0,0.0,241.0
,Mavericks CC,,,,,,,,
296.0,Sony M,Trophy Fighters,5.0,111.0,130.0,0.0,0.0,0.0,241.0
,Trophy Fighters,,,,,,,,
297.0,Sahil Khan,Underdogs CC,6.0,128.0,80.0,30.0,0.0,0.0,238.0
,Underdogs CC,,,,,,,,
298.0,Sai Swaroop Angirekula,Windsor Lancers CC,8.0,205.0,0.0,30.0,0.0,0.0,235.0
,Windsor Lancers CC,,,,,,,,
299.0,Jagtar Kaler,FSC WINDSOR,8.0,133.0,0.0,100.0,0.0,0.0,233.0
,FSC WINDSOR,,,,,,,,
300.0,Karthikeyan Kaliyappan,Renegades CC,12.0,0.0,230.0,0.0,0.0,0.0,230.0
,Renegades CC,,,,,,,,
301.0,Mario Brown,Chatham CC,5.0,29.0,180.0,20.0,0.0,0.0,229.0
,Chatham CC,,,,,,,,
302.0,Lovepreet Singh,St.Clair College,6.0,47.0,140.0,40.0,0.0,0.0,227.0
,St.Clair College,,,,,,,,
303.0,Towhid Chowdhury,Malik CC,14.0,206.0,0.0,20.0,0.0,0.0,226.0
,Malik CC,,,,,,,,
304.0,Ravi Patel,Windsor Dominion CC,11.0,166.0,-20.0,80.0,0.0,0.0,226.0
,Windsor Dominion CC,,,,,,,,
305.0,Rohang Soni,Gujarat Super Lions,9.0,183.0,0.0,40.0,0.0,0.0,223.0
,Gujarat Super Lions,,,,,,,,
306.0,Talwinder Singh,EOCC,13.0,41.0,140.0,40.0,0.0,0.0,221.0
,EOCC,,,,,,,,
307.0,Nasser Malik,Malik CC,2.0,87.0,90.0,40.0,0.0,0.0,217.0
,Malik CC,,,,,,,,
308.0,Zain Ul Abdin,Windsor Dominion CC,3.0,97.0,100.0,20.0,0.0,0.0,217.0
,Windsor Dominion CC,,,,,,,,
309.0,Bhalaji Sadagopa Ramanujam,Renegades X,10.0,-4.0,140.0,80.0,0.0,0.0,216.0
,Renegades X,,,,,,,,
310.0,Mohan K,Trophy Fighters,7.0,173.0,-20.0,60.0,0.0,0.0,213.0
,Trophy Fighters,,,,,,,,
311.0,Jamal Ansari,Lasalle Lightning CC,5.0,82.0,110.0,20.0,0.0,0.0,212.0
,Lasalle Lightning CC,,,,,,,,
312.0,Ruturajsinh Solanki,WEUnited CC,10.0,179.0,0.0,30.0,0.0,0.0,209.0
,WEUnited CC,,,,,,,,
313.0,Dinesh Pabba,Street Strikers,8.0,187.0,0.0,20.0,0.0,0.0,207.0
,Street Strikers,,,,,,,,
314.0,Ismail Khan,Windsor Warriors,7.0,96.0,90.0,20.0,0.0,0.0,206.0
,Windsor Warriors,,,,,,,,
315.0,Deekshit P,Trophy Fighters,7.0,-7.0,170.0,40.0,0.0,0.0,203.0
,Trophy Fighters,,,,,,,,
316.0,Bilal Tariq,Windsor Dominion CC,4.0,2.0,190.0,10.0,0.0,0.0,202.0
,Windsor Dominion CC,,,,,,,,
317.0,Dushyant Joshi,Windsor Lancers CC,7.0,11.0,180.0,10.0,0.0,0.0,201.0
,Windsor Lancers CC,,,,,,,,
318.0,Sai Gokul,Lasalle Lightning CC,3.0,180.0,0.0,20.0,0.0,0.0,200.0
,Lasalle Lightning CC,,,,,,,,
319.0,Dharmesh Sakhiya,Gujarat Lions CC,13.0,89.0,0.0,110.0,0.0,0.0,199.0
,Gujarat Lions CC,,,,,,,,
320.0,Piyush Kapoor,EOCC,6.0,127.0,50.0,20.0,0.0,0.0,197.0
,EOCC,,,,,,,,
321.0,Rohan R,Trophy Fighters,12.0,53.0,60.0,80.0,0.0,0.0,193.0
,Trophy Fighters,,,,,,,,
322.0,Gagandeep Grewal,Windsor Tigers CC,15.0,82.0,0.0,110.0,0.0,0.0,192.0
,Windsor Tigers CC,,,,,,,,
323.0,‚Å†krishna Vamsi Mudumunthala,Street Strikers,7.0,81.0,70.0,40.0,0.0,0.0,191.0
,Street Strikers,,,,,,,,
324.0,Riyaz Khan,Chatham CC,5.0,40.0,100.0,50.0,0.0,0.0,190.0
,Chatham CC,,,,,,,,
325.0,Ankur Patel,WEUnited CC,4.0,0.0,180.0,10.0,0.0,0.0,190.0
,WEUnited CC,,,,,,,,
326.0,Kalpit Patel,Windsor Dominion CC,10.0,148.0,0.0,40.0,0.0,0.0,188.0
,Windsor Dominion CC,,,,,,,,
327.0,Gursaharn Singh Dhami,Underdogs CC,4.0,148.0,20.0,20.0,0.0,0.0,188.0
,Underdogs CC,,,,,,,,
328.0,Vashisth U,Underdogs CC,1.0,182.0,0.0,0.0,0.0,0.0,182.0
,Underdogs CC,,,,,,,,
329.0,Tejinder Singh,Windsor Lions 2,8.0,1.0,160.0,20.0,0.0,0.0,181.0
,Windsor Lions 2,,,,,,,,
330.0,Asif Mohammed Shaik,Street Strikers,8.0,-9.0,170.0,20.0,0.0,0.0,181.0
,Street Strikers,,,,,,,,
331.0,Tilak Patel,Gujarat Lions CC,10.0,6.0,130.0,40.0,0.0,0.0,176.0
,Gujarat Lions CC,,,,,,,,
332.0,Kamal Saeed Raja,Lasalle Lightning CC,4.0,6.0,150.0,20.0,0.0,0.0,176.0
,Lasalle Lightning CC,,,,,,,,
333.0,Aryan Kohli,St.Clair College,4.0,55.0,100.0,20.0,0.0,0.0,175.0
,St.Clair College,,,,,,,,
334.0,Urvil Desai,Gujarat Super Lions,8.0,103.0,20.0,50.0,0.0,0.0,173.0
,Gujarat Super Lions,,,,,,,,
335.0,Ankur Patel,Gujarat Lions CC,7.0,171.0,0.0,0.0,0.0,0.0,171.0
,Gujarat Lions CC,,,,,,,,
336.0,Sandeep Singh Panjeta,Renegades X,5.0,171.0,0.0,0.0,0.0,0.0,171.0
,Renegades X,,,,,,,,
337.0,Meet Patel,St.Clair College,5.0,77.0,70.0,20.0,0.0,0.0,167.0
,St.Clair College,,,,,,,,
338.0,Nishant Chauhan,Windsor Dominion CC,5.0,186.0,-20.0,0.0,0.0,0.0,166.0
,Windsor Dominion CC,,,,,,,,
339.0,Bakht Jamal,Lasalle Lightning CC,11.0,12.0,0.0,150.0,0.0,0.0,162.0
,Lasalle Lightning CC,,,,,,,,
340.0,Eniyavan Subramanian,Renegades X,4.0,0.0,100.0,10.0,50.0,1.0,160.0
,Renegades X,,,,,,,,
341.0,Perry Isidore,Cavaliers CC of Windsor,3.0,160.0,0.0,0.0,0.0,0.0,160.0
,Cavaliers CC of Windsor,,,,,,,,
342.0,Qasim Riaz Ahmed,WEUnited CC,3.0,100.0,60.0,0.0,0.0,0.0,160.0
,WEUnited CC,,,,,,,,
343.0,Harjot Singh,Windsor Tigers CC,5.0,8.0,130.0,20.0,0.0,0.0,158.0
,Windsor Tigers CC,,,,,,,,
344.0,Varsil Shah,Gujarat Lions CC,10.0,25.0,100.0,30.0,0.0,0.0,155.0
,Gujarat Lions CC,,,,,,,,
345.0,Harshil Prajapati,Windsor Royals CC,7.0,34.0,0.0,120.0,0.0,0.0,154.0
,Windsor Royals CC,,,,,,,,
346.0,Vaibhav Ajjarapu,Street Strikers,7.0,-6.0,110.0,50.0,0.0,0.0,154.0
,Street Strikers,,,,,,,,
347.0,Yogesh Mittal,Underdogs CC,2.0,-7.0,140.0,20.0,0.0,0.0,153.0
,Underdogs CC,,,,,,,,
348.0,Tushar Shi,EOCC,4.0,112.0,20.0,20.0,0.0,0.0,152.0
,EOCC,,,,,,,,
349.0,Vikram Kovvuri,Mavericks CC,8.0,32.0,110.0,10.0,0.0,0.0,152.0
,Mavericks CC,,,,,,,,
350.0,Waqas Ahmed,Alpha XI,3.0,10.0,130.0,10.0,0.0,0.0,150.0
,Alpha XI,,,,,,,,
351.0,Debanjan Banik,Vulcans CC,11.0,129.0,0.0,20.0,0.0,0.0,149.0
,Vulcans CC,,,,,,,,
352.0,Neel Patel,EOCC,14.0,76.0,0.0,70.0,0.0,0.0,146.0
,EOCC,,,,,,,,
353.0,Siva Sreekanth,Renegades X,7.0,124.0,-20.0,40.0,0.0,0.0,144.0
,Renegades X,,,,,,,,
354.0,Rajandeep Malhi,Windsor Warriors,8.0,-8.0,0.0,150.0,0.0,0.0,142.0
,Windsor Warriors,,,,,,,,
355.0,Rasheem Kolangara,Renegades X,9.0,72.0,40.0,30.0,0.0,0.0,142.0
,Renegades X,,,,,,,,
356.0,Loganathan Soundarajan,Renegades X,5.0,-2.0,120.0,20.0,0.0,0.0,138.0
,Renegades X,,,,,,,,
357.0,Archit Singh,Renegades CC,2.0,137.0,0.0,0.0,0.0,0.0,137.0
,Renegades CC,,,,,,,,
358.0,Kartik Sharma,Alpha XI,6.0,117.0,0.0,20.0,0.0,0.0,137.0
,Alpha XI,,,,,,,,
359.0,Danial Malik,Windsor Dominion CC,9.0,126.0,0.0,10.0,0.0,0.0,136.0
,Windsor Dominion CC,,,,,,,,
360.0,Nikhil Kanchan,EOCC,1.0,106.0,0.0,30.0,0.0,0.0,136.0
,EOCC,,,,,,,,
361.0,Karan Shah,Windsor Lancers CC,10.0,65.0,-10.0,80.0,0.0,0.0,135.0
,Windsor Lancers CC,,,,,,,,
362.0,Arsh Khehra,FSC WINDSOR,5.0,132.0,0.0,0.0,0.0,0.0,132.0
,FSC WINDSOR,,,,,,,,
363.0,Akash Muralidharan,Super Chargers,7.0,-9.0,100.0,40.0,0.0,0.0,131.0
,Super Chargers,,,,,,,,
364.0,Yash Padhiar,EOCC,1.0,-10.0,110.0,30.0,0.0,0.0,130.0
,EOCC,,,,,,,,
365.0,Bijen Patel,Gujarat Lions CC,2.0,9.0,120.0,0.0,0.0,0.0,129.0
,Gujarat Lions CC,,,,,,,,
366.0,Pavan Rao Airneni,Trophy Fighters,11.0,47.0,50.0,30.0,0.0,0.0,127.0
,Trophy Fighters,,,,,,,,
367.0,Baljinder Kular,Lasalle Lightning CC,2.0,36.0,90.0,0.0,0.0,0.0,126.0
,Lasalle Lightning CC,,,,,,,,
368.0,Kamal Preet,Underdogs CC,2.0,64.0,50.0,10.0,0.0,0.0,124.0
,Underdogs CC,,,,,,,,
369.0,Akshit Rane,Gujarat Super Lions,7.0,74.0,0.0,50.0,0.0,0.0,124.0
,Gujarat Super Lions,,,,,,,,
370.0,Dhaval Patel,Gujarat Super Lions,14.0,53.0,60.0,10.0,0.0,0.0,123.0
,Gujarat Super Lions,,,,,,,,
371.0,Fahad Amin,Alpha XI,2.0,122.0,0.0,0.0,0.0,0.0,122.0
,Alpha XI,,,,,,,,
372.0,Suraj Sundarraj,Chatham CC,4.0,22.0,90.0,10.0,0.0,0.0,122.0
,Chatham CC,,,,,,,,
373.0,Sahibpreet Singh,Punjab XI CC,1.0,0.0,120.0,0.0,0.0,0.0,120.0
,Punjab XI CC,,,,,,,,
374.0,Kemar Allen,Cavaliers CC of Windsor,4.0,109.0,0.0,10.0,0.0,0.0,119.0
,Cavaliers CC of Windsor,,,,,,,,
375.0,Iqbal Sidhu,Punjab XI CC,8.0,117.0,0.0,0.0,0.0,0.0,117.0
,Punjab XI CC,,,,,,,,
376.0,Bilal Sohail,Optimist CC,3.0,117.0,0.0,0.0,0.0,0.0,117.0
,Optimist CC,,,,,,,,
377.0,Dhruv Kukadiya,Windsor Dominion CC,2.0,117.0,0.0,0.0,0.0,0.0,117.0
,Windsor Dominion CC,,,,,,,,
378.0,Sahil Dubey,Windsor Dominion CC,4.0,105.0,-10.0,20.0,0.0,0.0,115.0
,Windsor Dominion CC,,,,,,,,
379.0,Rajesh Reddy Pinnapureddy,Street Strikers,8.0,54.0,10.0,50.0,0.0,0.0,114.0
,Street Strikers,,,,,,,,
380.0,Badaruddin Khuhro,Windsor Dominion CC,15.0,102.0,-60.0,70.0,0.0,0.0,112.0
,Windsor Dominion CC,,,,,,,,
381.0,Bhupinder Singh Randhawa,FSC WINDSOR,8.0,102.0,0.0,10.0,0.0,0.0,112.0
,FSC WINDSOR,,,,,,,,
382.0,Muhammad Ali,Cavaliers CC of Windsor,11.0,-9.0,90.0,30.0,0.0,0.0,111.0
,Cavaliers CC of Windsor,,,,,,,,
383.0,Uttej Reddy,Windsor Royals CC,6.0,0.0,110.0,0.0,0.0,0.0,110.0
,Windsor Royals CC,,,,,,,,
384.0,Jahanzeb Khan,Lasalle Lightning CC,5.0,109.0,0.0,0.0,0.0,0.0,109.0
,Lasalle Lightning CC,,,,,,,,
385.0,Brahma Teja,Trophy Fighters,1.0,-2.0,110.0,0.0,0.0,0.0,108.0
,Trophy Fighters,,,,,,,,
386.0,Manan Thaker,FSC WINDSOR,6.0,76.0,0.0,30.0,0.0,0.0,106.0
,FSC WINDSOR,,,,,,,,
387.0,Sudhakar Reddy,Trophy Fighters,6.0,26.0,50.0,30.0,0.0,0.0,106.0
,Trophy Fighters,,,,,,,,
388.0,Priyanshu Ghetiya,Gujarat Super Lions,4.0,85.0,0.0,20.0,0.0,0.0,105.0
,Gujarat Super Lions,,,,,,,,
389.0,Xumair Hassan,Windsor Warriors,6.0,53.0,20.0,30.0,0.0,0.0,103.0
,Windsor Warriors,,,,,,,,
390.0,Jamal Ansari,WEUnited CC,3.0,111.0,-10.0,0.0,0.0,0.0,101.0
,WEUnited CC,,,,,,,,
391.0,Sandeep Reddy,Vulcans CC,11.0,19.0,30.0,50.0,0.0,0.0,99.0
,Vulcans CC,,,,,,,,
392.0,Maniraaj Senthil Nathan,Windsor Lancers CC,4.0,59.0,20.0,20.0,0.0,0.0,99.0
,Windsor Lancers CC,,,,,,,,
393.0,Adil Shahriyar,Optimist CC,8.0,58.0,20.0,20.0,0.0,0.0,98.0
,Optimist CC,,,,,,,,
394.0,Gaurav Sharma,Gujarat Super Lions,2.0,-4.0,100.0,0.0,0.0,0.0,96.0
,Gujarat Super Lions,,,,,,,,
395.0,Kaarthik Esakkidurai,Renegades X,7.0,36.0,50.0,10.0,0.0,0.0,96.0
,Renegades X,,,,,,,,
396.0,Sriharsha Kusuma,Windsor Lancers CC,6.0,96.0,0.0,0.0,0.0,0.0,96.0
,Windsor Lancers CC,,,,,,,,
397.0,Ghulam Samdani,Windsor Dominion CC,1.0,76.0,20.0,0.0,0.0,0.0,96.0
,Windsor Dominion CC,,,,,,,,
398.0,Abhirama Penubaka,Trophy Fighters,1.0,75.0,20.0,0.0,0.0,0.0,95.0
,Trophy Fighters,,,,,,,,
399.0,Rinshad K,Renegades X,7.0,14.0,60.0,20.0,0.0,0.0,94.0
,Renegades X,,,,,,,,
400.0,Nisarg Patel,EOCC,10.0,-16.0,80.0,30.0,0.0,0.0,94.0
,EOCC,,,,,,,,
401.0,Amit Duhan,FSC WINDSOR,7.0,53.0,10.0,30.0,0.0,0.0,93.0
,FSC WINDSOR,,,,,,,,
402.0,Kesav Varada,Street Strikers,8.0,-7.0,100.0,0.0,0.0,0.0,93.0
,Street Strikers,,,,,,,,
403.0,Amish patel,Gujarat Super Lions,6.0,92.0,0.0,0.0,0.0,0.0,92.0
,Gujarat Super Lions,,,,,,,,
404.0,Anmol Jain,Windsor Warriors,6.0,62.0,20.0,10.0,0.0,0.0,92.0
,Windsor Warriors,,,,,,,,
405.0,Arshdeep Singh,Underdogs CC,4.0,16.0,30.0,40.0,0.0,0.0,86.0
,Underdogs CC,,,,,,,,
406.0,Kamaljeet Singh,Underdogs CC,3.0,-5.0,90.0,0.0,0.0,0.0,85.0
,Underdogs CC,,,,,,,,
407.0,Richik S,Alpha XI,2.0,53.0,10.0,20.0,0.0,0.0,83.0
,Alpha XI,,,,,,,,
408.0,Jagwinder Singh,Gujarat Super Lions,1.0,83.0,0.0,0.0,0.0,0.0,83.0
,Gujarat Super Lions,,,,,,,,
409.0,Kaival Patel,Windsor Royals CC,8.0,2.0,50.0,30.0,0.0,0.0,82.0
,Windsor Royals CC,,,,,,,,
410.0,Hassan Md,Underdogs CC,1.0,32.0,50.0,0.0,0.0,0.0,82.0
,Underdogs CC,,,,,,,,
411.0,Vishal Kamal,Gujarat Super Lions,4.0,62.0,0.0,20.0,0.0,0.0,82.0
,Gujarat Super Lions,,,,,,,,
412.0,Pavan Kumar Morasa,Trophy Fighters,5.0,31.0,0.0,50.0,0.0,0.0,81.0
,Trophy Fighters,,,,,,,,
413.0,Ravi Patel,Underdogs CC,5.0,20.0,0.0,60.0,0.0,0.0,80.0
,Underdogs CC,,,,,,,,
414.0,Jay D,Windsor Dominion CC,4.0,17.0,50.0,10.0,0.0,0.0,77.0
,Windsor Dominion CC,,,,,,,,
415.0,Vignesh R,Renegades X,1.0,25.0,20.0,30.0,0.0,0.0,75.0
,Renegades X,,,,,,,,
416.0,Sahil Khan,Malik CC,4.0,4.0,50.0,20.0,0.0,0.0,74.0
,Malik CC,,,,,,,,
417.0,Pankaj Chauhan,FSC WINDSOR,7.0,14.0,60.0,0.0,0.0,0.0,74.0
,FSC WINDSOR,,,,,,,,
418.0,Omair Choudhry,Alpha XI,6.0,3.0,60.0,10.0,0.0,0.0,73.0
,Alpha XI,,,,,,,,
419.0,Dhruv Juneja,Vulcans CC,1.0,53.0,20.0,0.0,0.0,0.0,73.0
,Vulcans CC,,,,,,,,
420.0,Abilash Sukhavasi,Optimist CC,2.0,2.0,60.0,10.0,0.0,0.0,72.0
,Optimist CC,,,,,,,,
421.0,Khalid Siddiqui,WEUnited CC,6.0,71.0,0.0,0.0,0.0,0.0,71.0
,WEUnited CC,,,,,,,,
422.0,Paranjothi Gopalan,Renegades CC,1.0,0.0,70.0,0.0,0.0,0.0,70.0
,Renegades CC,,,,,,,,
423.0,Prince Christian,EOCC,3.0,0.0,70.0,0.0,0.0,0.0,70.0
,EOCC,,,,,,,,
424.0,Shreyansh Patel,WEUnited CC,4.0,-3.0,60.0,10.0,0.0,0.0,67.0
,WEUnited CC,,,,,,,,
425.0,Minhaaz M,Underdogs CC,2.0,47.0,0.0,20.0,0.0,0.0,67.0
,Underdogs CC,,,,,,,,
426.0,Vicky Choudhary,Chatham CC,2.0,36.0,0.0,30.0,0.0,0.0,66.0
,Chatham CC,,,,,,,,
427.0,Basit Khan,Alpha XI,3.0,65.0,0.0,0.0,0.0,0.0,65.0
,Alpha XI,,,,,,,,
428.0,Aman Patel,Gujarat Lions CC,4.0,64.0,0.0,0.0,0.0,0.0,64.0
,Gujarat Lions CC,,,,,,,,
429.0,Amroj S,Chatham CC,10.0,64.0,0.0,0.0,0.0,0.0,64.0
,Chatham CC,,,,,,,,
430.0,Phani Ram Challagolla,Street Strikers,6.0,3.0,60.0,0.0,0.0,0.0,63.0
,Street Strikers,,,,,,,,
431.0,Amra Mansuri,St.Clair College,8.0,53.0,-60.0,70.0,0.0,0.0,63.0
,St.Clair College,,,,,,,,
432.0,Abdullah Shireen,Optimist CC,1.0,22.0,20.0,20.0,0.0,0.0,62.0
,Optimist CC,,,,,,,,
433.0,Shrey Desai,Windsor Dominion CC,1.0,52.0,10.0,0.0,0.0,0.0,62.0
,Windsor Dominion CC,,,,,,,,
434.0,Aarth Kuyeskar,EOCC,1.0,62.0,0.0,0.0,0.0,0.0,62.0
,EOCC,,,,,,,,
435.0,Abhiram Nunna,Trophy Fighters,1.0,61.0,0.0,0.0,0.0,0.0,61.0
,Trophy Fighters,,,,,,,,
436.0,Srikanth Pandem,Trophy Fighters,6.0,-9.0,60.0,10.0,0.0,0.0,61.0
,Trophy Fighters,,,,,,,,
437.0,Sai Gokul,Vulcans CC,2.0,61.0,0.0,0.0,0.0,0.0,61.0
,Vulcans CC,,,,,,,,
438.0,Yash Patel,WEUnited CC,2.0,0.0,50.0,10.0,0.0,0.0,60.0
,WEUnited CC,,,,,,,,
439.0,Zuhaib Hassan,Windsor Lancers CC,3.0,0.0,40.0,20.0,0.0,0.0,60.0
,Windsor Lancers CC,,,,,,,,
440.0,Bhupinder Singh Randhawa,Windsor Warriors,3.0,39.0,20.0,0.0,0.0,0.0,59.0
,Windsor Warriors,,,,,,,,
441.0,Sujoy Pal,Underdogs CC,2.0,59.0,0.0,0.0,0.0,0.0,59.0
,Underdogs CC,,,,,,,,
442.0,Mohan Singh,FSC WINDSOR,3.0,36.0,20.0,0.0,0.0,0.0,56.0
,FSC WINDSOR,,,,,,,,
443.0,Mubeen Skindar,Alpha XI,9.0,45.0,0.0,10.0,0.0,0.0,55.0
,Alpha XI,,,,,,,,
444.0,Gurassis Singh,FSC WINDSOR,5.0,45.0,0.0,10.0,0.0,0.0,55.0
,FSC WINDSOR,,,,,,,,
445.0,Fahad Bhatti,Malik CC,2.0,44.0,0.0,10.0,0.0,0.0,54.0
,Malik CC,,,,,,,,
446.0,Arshy Sidhu,Punjab XI CC,8.0,24.0,0.0,30.0,0.0,0.0,54.0
,Punjab XI CC,,,,,,,,
447.0,Sridhar Nidumolu,Windsor Royals CC,5.0,14.0,30.0,10.0,0.0,0.0,54.0
,Windsor Royals CC,,,,,,,,
448.0,Abdullah Qureshi,Lasalle Lightning CC,1.0,53.0,0.0,0.0,0.0,0.0,53.0
,Lasalle Lightning CC,,,,,,,,
449.0,Yash Patel,WEUnited CC,5.0,22.0,10.0,20.0,0.0,0.0,52.0
,WEUnited CC,,,,,,,,
450.0,Enosh Kumar,Trophy Fighters,1.0,32.0,0.0,20.0,0.0,0.0,52.0
,Trophy Fighters,,,,,,,,
451.0,Devender Singh,Windsor Lions 2,6.0,40.0,0.0,10.0,0.0,0.0,50.0
,Windsor Lions 2,,,,,,,,
452.0,Dev Patel,Gujarat Lions CC,2.0,0.0,30.0,20.0,0.0,0.0,50.0
,Gujarat Lions CC,,,,,,,,
453.0,Kanwar Singh,Windsor Royals CC,1.0,10.0,20.0,20.0,0.0,0.0,50.0
,Windsor Royals CC,,,,,,,,
454.0,Prabh Buttar,Lasalle Lightning CC,2.0,-10.0,50.0,10.0,0.0,0.0,50.0
,Lasalle Lightning CC,,,,,,,,
455.0,Maniraj Senthilnathan,Renegades CC,8.0,40.0,-10.0,20.0,0.0,0.0,50.0
,Renegades CC,,,,,,,,
456.0,Harish Dasu,Chatham CC,4.0,10.0,20.0,20.0,0.0,0.0,50.0
,Chatham CC,,,,,,,,
457.0,Thaneshver Sidhu,Windsor Dominion CC,2.0,7.0,20.0,20.0,0.0,0.0,47.0
,Windsor Dominion CC,,,,,,,,
458.0,Dhananjay Jangra,Windsor Warriors,2.0,47.0,0.0,0.0,0.0,0.0,47.0
,Windsor Warriors,,,,,,,,
459.0,Anuj Vohra,Windsor Lancers CC,3.0,4.0,20.0,20.0,0.0,0.0,44.0
,Windsor Lancers CC,,,,,,,,
460.0,Ankit Padhiar,Gujarat Super Lions,1.0,43.0,0.0,0.0,0.0,0.0,43.0
,Gujarat Super Lions,,,,,,,,
461.0,Irfan Ahmed,Optimist CC,7.0,2.0,40.0,0.0,0.0,0.0,42.0
,Optimist CC,,,,,,,,
462.0,Manish Thiayagarajan,Mavericks CC,2.0,1.0,30.0,10.0,0.0,0.0,41.0
,Mavericks CC,,,,,,,,
463.0,Vivekkumar Patel,Super Chargers,8.0,1.0,20.0,20.0,0.0,0.0,41.0
,Super Chargers,,,,,,,,
464.0,Narender Singh,Underdogs CC,1.0,0.0,30.0,10.0,0.0,0.0,40.0
,Underdogs CC,,,,,,,,
465.0,Sandeep B,EOCC,1.0,40.0,0.0,0.0,0.0,0.0,40.0
,EOCC,,,,,,,,
466.0,Meer Ushter,Optimist CC,8.0,9.0,10.0,20.0,0.0,0.0,39.0
,Optimist CC,,,,,,,,
467.0,Sathish Pichika,Windsor Lancers CC,4.0,-1.0,0.0,40.0,0.0,0.0,39.0
,Windsor Lancers CC,,,,,,,,
468.0,Brahma Sai Kesari,Street Strikers,3.0,39.0,0.0,0.0,0.0,0.0,39.0
,Street Strikers,,,,,,,,
469.0,Prithvi Akle,Optimist CC,1.0,36.0,0.0,0.0,0.0,0.0,36.0
,Optimist CC,,,,,,,,
470.0,Fahimuddin Bai,Windsor Dominion CC,8.0,35.0,-20.0,20.0,0.0,0.0,35.0
,Windsor Dominion CC,,,,,,,,
471.0,Harmanjot Singh,FSC WINDSOR,5.0,15.0,0.0,20.0,0.0,0.0,35.0
,FSC WINDSOR,,,,,,,,
472.0,Viren Patel,Gujarat Lions CC,3.0,34.0,0.0,0.0,0.0,0.0,34.0
,Gujarat Lions CC,,,,,,,,
473.0,Harpreet M,Trophy Fighters,6.0,4.0,0.0,30.0,0.0,0.0,34.0
,Trophy Fighters,,,,,,,,
474.0,Sakeel Mohd,Windsor Warriors,10.0,13.0,0.0,20.0,0.0,0.0,33.0
,Windsor Warriors,,,,,,,,
475.0,Sai Bapiraju Penumatsa,Windsor Dominion CC,2.0,13.0,10.0,10.0,0.0,0.0,33.0
,Windsor Dominion CC,,,,,,,,
476.0,Humza Malik,Windsor Dominion CC,4.0,2.0,20.0,10.0,0.0,0.0,32.0
,Windsor Dominion CC,,,,,,,,
477.0,Utsav Barot,Windsor Lancers CC,2.0,1.0,10.0,20.0,0.0,0.0,31.0
,Windsor Lancers CC,,,,,,,,
478.0,Rohith V,Super Chargers,6.0,1.0,0.0,30.0,0.0,0.0,31.0
,Super Chargers,,,,,,,,
479.0,Lijin Joy Bethel,Chatham CC,2.0,-10.0,20.0,20.0,0.0,0.0,30.0
,Chatham CC,,,,,,,,
480.0,Vikram Gopi,Renegades X,1.0,-10.0,30.0,10.0,0.0,0.0,30.0
,Renegades X,,,,,,,,
481.0,Sahib Singh,Chatham CC,7.0,20.0,-10.0,20.0,0.0,0.0,30.0
,Chatham CC,,,,,,,,
482.0,Priyansh Mehta,Alpha XI,1.0,0.0,20.0,10.0,0.0,0.0,30.0
,Alpha XI,,,,,,,,
483.0,Radin Mehrab,Malik CC,5.0,-3.0,0.0,30.0,0.0,0.0,27.0
,Malik CC,,,,,,,,
484.0,Jerish Kumaran Anjan,Renegades X,3.0,27.0,0.0,0.0,0.0,0.0,27.0
,Renegades X,,,,,,,,
485.0,Gurvir Singh Grewal,Windsor Warriors,6.0,-3.0,20.0,10.0,0.0,0.0,27.0
,Windsor Warriors,,,,,,,,
486.0,Manan Thaker,Renegades X,6.0,6.0,0.0,20.0,0.0,0.0,26.0
,Renegades X,,,,,,,,
487.0,Raj Sourav,Alpha XI,3.0,25.0,0.0,0.0,0.0,0.0,25.0
,Alpha XI,,,,,,,,
488.0,Haider Bhatti,Underdogs CC,1.0,4.0,10.0,10.0,0.0,0.0,24.0
,Underdogs CC,,,,,,,,
489.0,Sai Sarath,Trophy Fighters,1.0,-6.0,30.0,0.0,0.0,0.0,24.0
,Trophy Fighters,,,,,,,,
490.0,Yash Tarpara,Gujarat Lions CC,6.0,34.0,-30.0,20.0,0.0,0.0,24.0
,Gujarat Lions CC,,,,,,,,
491.0,Ganesh Konduru,Mavericks CC,2.0,4.0,10.0,10.0,0.0,0.0,24.0
,Mavericks CC,,,,,,,,
492.0,Brijal Patel,Underdogs CC,1.0,24.0,0.0,0.0,0.0,0.0,24.0
,Underdogs CC,,,,,,,,
493.0,Ayush Rabari,St.Clair College,6.0,-16.0,0.0,40.0,0.0,0.0,24.0
,St.Clair College,,,,,,,,
494.0,Dileep Somasekharan,Chatham CC,2.0,3.0,20.0,0.0,0.0,0.0,23.0
,Chatham CC,,,,,,,,
495.0,Prakash Bhullar,Underdogs CC,2.0,3.0,20.0,0.0,0.0,0.0,23.0
,Underdogs CC,,,,,,,,
496.0,Pavan Kalyan Vemuri,Windsor Dominion CC,8.0,3.0,-10.0,30.0,0.0,0.0,23.0
,Windsor Dominion CC,,,,,,,,
497.0,Devinder Cheema,FSC WINDSOR,1.0,3.0,20.0,0.0,0.0,0.0,23.0
,FSC WINDSOR,,,,,,,,
498.0,Haspreet Sidhu,FSC WINDSOR,1.0,-7.0,20.0,10.0,0.0,0.0,23.0
,FSC WINDSOR,,,,,,,,
499.0,Amrit S,EOCC,2.0,23.0,0.0,0.0,0.0,0.0,23.0
,EOCC,,,,,,,,
500.0,Ansh U,EOCC,1.0,23.0,0.0,0.0,0.0,0.0,23.0
,EOCC,,,,,,,,
501.0,Tauseef Ahmed,Alpha XI,3.0,2.0,10.0,10.0,0.0,0.0,22.0
,Alpha XI,,,,,,,,
502.0,Suprith Jagannath,Renegades CC,1.0,2.0,20.0,0.0,0.0,0.0,22.0
,Renegades CC,,,,,,,,
503.0,Anil Vadlamani,Super Chargers,7.0,-18.0,40.0,0.0,0.0,0.0,22.0
,Super Chargers,,,,,,,,
504.0,Nikhil Sannagiri,Mavericks CC,6.0,12.0,0.0,10.0,0.0,0.0,22.0
,Mavericks CC,,,,,,,,
505.0,Nisar Mohammed,Super Chargers,4.0,1.0,0.0,20.0,0.0,0.0,21.0
,Super Chargers,,,,,,,,
506.0,Swami Sharma,Windsor Lions CC,5.0,1.0,0.0,20.0,0.0,0.0,21.0
,Windsor Lions CC,,,,,,,,
507.0,Meghansh Sai Reddy Bachangari,Windsor Lancers CC,1.0,0.0,0.0,20.0,0.0,0.0,20.0
,Windsor Lancers CC,,,,,,,,
508.0,Amarjot Singh,Windsor Lions CC,1.0,0.0,20.0,0.0,0.0,0.0,20.0
,Windsor Lions CC,,,,,,,,
509.0,Dhaval Bhrambhatt,Gujarat Super Lions,1.0,10.0,0.0,10.0,0.0,0.0,20.0
,Gujarat Super Lions,,,,,,,,
510.0,Siril Kumar Reddy Kandula,Super Chargers,5.0,-3.0,0.0,20.0,0.0,0.0,17.0
,Super Chargers,,,,,,,,
511.0,Mario Richards,Cavaliers CC of Windsor,3.0,7.0,0.0,10.0,0.0,0.0,17.0
,Cavaliers CC of Windsor,,,,,,,,
512.0,Naveed Ashraf,Alpha XI,7.0,-4.0,10.0,10.0,0.0,0.0,16.0
,Alpha XI,,,,,,,,
513.0,Raj Patel,Gujarat Lions CC,3.0,6.0,10.0,0.0,0.0,0.0,16.0
,Gujarat Lions CC,,,,,,,,
514.0,Premkumar Subramanian,Renegades X,2.0,-5.0,10.0,10.0,0.0,0.0,15.0
,Renegades X,,,,,,,,
515.0,Sadat Tanzim,Cavaliers CC of Windsor,4.0,5.0,0.0,10.0,0.0,0.0,15.0
,Cavaliers CC of Windsor,,,,,,,,
516.0,Jay Shah,EOCC,3.0,-6.0,20.0,0.0,0.0,0.0,14.0
,EOCC,,,,,,,,
517.0,Upendra patike,Underdogs CC,3.0,-7.0,10.0,10.0,0.0,0.0,13.0
,Underdogs CC,,,,,,,,
518.0,Gyan Singh,Windsor Lions CC,2.0,3.0,0.0,10.0,0.0,0.0,13.0
,Windsor Lions CC,,,,,,,,
519.0,Jaskirat Rehal,Cavaliers CC of Windsor,8.0,-8.0,0.0,20.0,0.0,0.0,12.0
,Cavaliers CC of Windsor,,,,,,,,
520.0,Paras Paras,Gujarat Super Lions,1.0,2.0,10.0,0.0,0.0,0.0,12.0
,Gujarat Super Lions,,,,,,,,
521.0,Vignesh Vaidiyanathan,Renegades CC,1.0,2.0,0.0,10.0,0.0,0.0,12.0
,Renegades CC,,,,,,,,
522.0,Sparsh Patel,Gujarat Lions CC,1.0,11.0,0.0,0.0,0.0,0.0,11.0
,Gujarat Lions CC,,,,,,,,
523.0,Parshant Goswami,FSC WINDSOR,2.0,1.0,0.0,10.0,0.0,0.0,11.0
,FSC WINDSOR,,,,,,,,
524.0,Naveen Chugh,Malik CC,2.0,-10.0,0.0,20.0,0.0,0.0,10.0
,Malik CC,,,,,,,,
525.0,Gurdeep Boparai,Windsor Tigers CC,3.0,0.0,0.0,10.0,0.0,0.0,10.0
,Windsor Tigers CC,,,,,,,,
526.0,Gurpreet Brar,Windsor Tigers CC,2.0,0.0,10.0,0.0,0.0,0.0,10.0
,Windsor Tigers CC,,,,,,,,
527.0,Abhi Optimist,Optimist CC,1.0,0.0,10.0,0.0,0.0,0.0,10.0
,Optimist CC,,,,,,,,
528.0,Deepak Chakravarthy Mayandi Ravi,Windsor Lancers CC,1.0,0.0,10.0,0.0,0.0,0.0,10.0
,Windsor Lancers CC,,,,,,,,
529.0,Henock Thadevus,Windsor Dominion CC,1.0,-10.0,20.0,0.0,0.0,0.0,10.0
,Windsor Dominion CC,,,,,,,,
530.0,Lovepreet Singh,Optimist CC,1.0,0.0,0.0,10.0,0.0,0.0,10.0
,Optimist CC,,,,,,,,
531.0,Manpreet Singh,Chatham CC,2.0,0.0,0.0,10.0,0.0,0.0,10.0
,Chatham CC,,,,,,,,
532.0,Hardik Patel,Windsor Dominion CC,1.0,10.0,0.0,0.0,0.0,0.0,10.0
,Windsor Dominion CC,,,,,,,,
533.0,Sameer Noman,Windsor Lions CC,1.0,0.0,0.0,10.0,0.0,0.0,10.0
,Windsor Lions CC,,,,,,,,
534.0,Shrey Vyas,Trophy Fighters,3.0,8.0,0.0,0.0,0.0,0.0,8.0
,Trophy Fighters,,,,,,,,
535.0,Abdur Rehman Raja,Lasalle Lightning CC,2.0,8.0,0.0,0.0,0.0,0.0,8.0
,Lasalle Lightning CC,,,,,,,,
536.0,Chaitanya Swaroop Matta,Super Chargers,6.0,8.0,0.0,0.0,0.0,0.0,8.0
,Super Chargers,,,,,,,,
537.0,Vishnu Talasani,Windsor Royals CC,16.0,-3.0,0.0,10.0,0.0,0.0,7.0
,Windsor Royals CC,,,,,,,,
538.0,Smith Rana,EOCC,1.0,7.0,-10.0,10.0,0.0,0.0,7.0
,EOCC,,,,,,,,
539.0,Jay Dubey,Windsor Dominion CC,1.0,7.0,0.0,0.0,0.0,0.0,7.0
,Windsor Dominion CC,,,,,,,,
540.0,Bhanu Vakati,Windsor Warriors,1.0,6.0,0.0,0.0,0.0,0.0,6.0
,Windsor Warriors,,,,,,,,
541.0,Prudhvi S,Street Strikers,1.0,6.0,0.0,0.0,0.0,0.0,6.0
,Street Strikers,,,,,,,,
542.0,Murali Raju,EOCC,1.0,-5.0,0.0,10.0,0.0,0.0,5.0
,EOCC,,,,,,,,
543.0,Baljinder Sandhu,Windsor Lions 2,1.0,5.0,0.0,0.0,0.0,0.0,5.0
,Windsor Lions 2,,,,,,,,
544.0,Rajinderpal Singh,Windsor Dominion CC,1.0,-6.0,10.0,0.0,0.0,0.0,4.0
,Windsor Dominion CC,,,,,,,,
545.0,Dhruvil Dobariya,Alpha XI,1.0,3.0,0.0,0.0,0.0,0.0,3.0
,Alpha XI,,,,,,,,
546.0,Mihir Soni,Windsor Dominion CC,1.0,3.0,0.0,0.0,0.0,0.0,3.0
,Windsor Dominion CC,,,,,,,,
547.0,Rudra Patel,Chatham CC,1.0,3.0,0.0,0.0,0.0,0.0,3.0
,Chatham CC,,,,,,,,
548.0,Ravneet Singh,Windsor Lions 2,1.0,3.0,0.0,0.0,0.0,0.0,3.0
,Windsor Lions 2,,,,,,,,
549.0,Kamaljit Singh,Punjab XI CC,2.0,2.0,0.0,0.0,0.0,0.0,2.0
,Punjab XI CC,,,,,,,,
550.0,Miraj Modi,Gujarat Lions CC,4.0,2.0,-10.0,10.0,0.0,0.0,2.0
,Gujarat Lions CC,,,,,,,,
551.0,Krishna Baktarwala,Vulcans CC,1.0,2.0,0.0,0.0,0.0,0.0,2.0
,Vulcans CC,,,,,,,,
552.0,Ravi Upadhyay,Underdogs CC,1.0,2.0,0.0,0.0,0.0,0.0,2.0
,Underdogs CC,,,,,,,,
553.0,Waqar Shabbir,Lasalle Lightning CC,1.0,2.0,0.0,0.0,0.0,0.0,2.0
,Lasalle Lightning CC,,,,,,,,
554.0,Vedith Shetty,Vulcans CC,2.0,2.0,0.0,0.0,0.0,0.0,2.0
,Vulcans CC,,,,,,,,
555.0,Kishor Kesav,Cavaliers CC of Windsor,2.0,2.0,0.0,0.0,0.0,0.0,2.0
,Cavaliers CC of Windsor,,,,,,,,
556.0,Sakeel Mohammed,Windsor Warriors,1.0,2.0,0.0,0.0,0.0,0.0,2.0
,Windsor Warriors,,,,,,,,
557.0,Paras P,Windsor Dominion CC,1.0,2.0,0.0,0.0,0.0,0.0,2.0
,Windsor Dominion CC,,,,,,,,
558.0,Mohil Prajapati,EOCC,1.0,2.0,0.0,0.0,0.0,0.0,2.0
,EOCC,,,,,,,,
559.0,Sunny Katana,Punjab XI CC,1.0,1.0,0.0,0.0,0.0,0.0,1.0
,Punjab XI CC,,,,,,,,
560.0,Harmeet Dhaliwal,Windsor Tigers CC,4.0,1.0,0.0,0.0,0.0,0.0,1.0
,Windsor Tigers CC,,,,,,,,
561.0,Shivpal Rana,Underdogs CC,1.0,1.0,-10.0,10.0,0.0,0.0,1.0
,Underdogs CC,,,,,,,,
562.0,Sandeep Manukonda,Windsor Tigers CC,1.0,1.0,0.0,0.0,0.0,0.0,1.0
,Windsor Tigers CC,,,,,,,,
563.0,Simran Singh,Punjab XI CC,1.0,1.0,0.0,0.0,0.0,0.0,1.0
,Punjab XI CC,,,,,,,,
564.0,Manjot Lamba,Vulcans CC,4.0,1.0,0.0,0.0,0.0,0.0,1.0
,Vulcans CC,,,,,,,,
565.0,Kishore Kesavv,EOCC,1.0,1.0,0.0,0.0,0.0,0.0,1.0
,EOCC,,,,,,,,
566.0,Syed Adnan Sajid,Windsor Dominion CC,1.0,1.0,0.0,0.0,0.0,0.0,1.0
,Windsor Dominion CC,,,,,,,,
567.0,Mounik B,Street Strikers,1.0,1.0,0.0,0.0,0.0,0.0,1.0
,Street Strikers,,,,,,,,
568.0,Vikrant A,EOCC,2.0,31.0,-30.0,0.0,0.0,0.0,1.0
,EOCC,,,,,,,,
569.0,Vibrant B,EOCC,1.0,1.0,0.0,0.0,0.0,0.0,1.0
,EOCC,,,,,,,,
570.0,Asif Muzaffar,Optimist CC,1.0,0.0,0.0,0.0,0.0,0.0,0.0
,Optimist CC,,,,,,,,
571.0,Majid Usman,Windsor Lions CC,2.0,0.0,0.0,0.0,0.0,0.0,0.0
,Windsor Lions CC,,,,,,,,
572.0,Jay Modi,Underdogs CC,1.0,0.0,0.0,0.0,0.0,0.0,0.0
,Underdogs CC,,,,,,,,
573.0,Rishi Pulijala,Vulcans CC,1.0,0.0,0.0,0.0,0.0,0.0,0.0
,Vulcans CC,,,,,,,,
574.0,Ifitkhar Cheema,Optimist CC,2.0,0.0,0.0,0.0,0.0,0.0,0.0
,Optimist CC,,,,,,,,
575.0,Lovepreet Kumar,Malik CC,1.0,0.0,0.0,0.0,0.0,0.0,0.0
,Malik CC,,,,,,,,
576.0,Daniel Waldron,Cavaliers CC of Windsor,1.0,0.0,0.0,0.0,0.0,0.0,0.0
,Cavaliers CC of Windsor,,,,,,,,
577.0,Rahul Domai,Gujarat Super Lions,1.0,0.0,0.0,0.0,0.0,0.0,0.0
,Gujarat Super Lions,,,,,,,,
578.0,Muhammad Awais Khan,Malik CC,5.0,-10.0,10.0,0.0,0.0,0.0,0.0
,Malik CC,,,,,,,,
579.0,Mohammad Asfar Shaikh,Windsor Royals CC,1.0,0.0,0.0,0.0,0.0,0.0,0.0
,Windsor Royals CC,,,,,,,,
580.0,Jean Emmanuel,Windsor Dominion CC,1.0,0.0,0.0,0.0,0.0,0.0,0.0
,Windsor Dominion CC,,,,,,,,
581.0,Austin Thomas,Underdogs CC,1.0,0.0,0.0,0.0,0.0,0.0,0.0
,Underdogs CC,,,,,,,,
582.0,Kudzy Matare,Cavaliers CC of Windsor,1.0,0.0,0.0,0.0,0.0,0.0,0.0
,Cavaliers CC of Windsor,,,,,,,,
583.0,Abhishek Kumar,Underdogs CC,1.0,-10.0,0.0,10.0,0.0,0.0,0.0
,Underdogs CC,,,,,,,,
584.0,Dwayne Francis,Cavaliers CC of Windsor,1.0,0.0,0.0,0.0,0.0,0.0,0.0
,Cavaliers CC of Windsor,,,,,,,,
585.0,Mustafa Daimerkisha,Windsor Dominion CC,1.0,0.0,0.0,0.0,0.0,0.0,0.0
,Windsor Dominion CC,,,,,,,,
586.0,Dinesh Choudhary,Windsor Warriors,1.0,0.0,0.0,0.0,0.0,0.0,0.0
,Windsor Warriors,,,,,,,,
587.0,Jayasurya Pavan,Windsor Dominion CC,1.0,0.0,0.0,0.0,0.0,0.0,0.0
,Windsor Dominion CC,,,,,,,,
588.0,Sam Dsouza,Vulcans CC,1.0,0.0,0.0,0.0,0.0,0.0,0.0
,Vulcans CC,,,,,,,,
589.0,Sujith Dubbaka,Chatham CC,1.0,0.0,0.0,0.0,0.0,0.0,0.0
,Chatham CC,,,,,,,,
590.0,Ajal George,St.Clair College,1.0,0.0,0.0,0.0,0.0,0.0,0.0
,St.Clair College,,,,,,,,
591.0,Aditya Rana,Windsor Lions 2,1.0,0.0,0.0,0.0,0.0,0.0,0.0
,Windsor Lions 2,,,,,,,,
592.0,Kaushiv Sharma,Windsor Lions CC,1.0,0.0,0.0,0.0,0.0,0.0,0.0
,Windsor Lions CC,,,,,,,,
593.0,Gurbunder Randhawa,Windsor Lions 2,1.0,0.0,0.0,0.0,0.0,0.0,0.0
,Windsor Lions 2,,,,,,,,
594.0,Gurbinder Randhawa,Windsor Lions 2,1.0,0.0,0.0,0.0,0.0,0.0,0.0
,Windsor Lions 2,,,,,,,,
595.0,Karan Baba,Windsor Lions CC,1.0,0.0,0.0,0.0,0.0,0.0,0.0
,Windsor Lions CC,,,,,,,,
596.0,Ansh Patel,Windsor Warriors,3.0,-1.0,0.0,0.0,0.0,0.0,-1.0
,Windsor Warriors,,,,,,,,
597.0,Ashwanth Kumar Kathiravan,Windsor Lancers CC,1.0,-4.0,0.0,0.0,0.0,0.0,-4.0
,Windsor Lancers CC,,,,,,,,
598.0,Sukhwinder Singh,St.Clair College,1.0,-4.0,0.0,0.0,0.0,0.0,-4.0
,St.Clair College,,,,,,,,
599.0,Shiraz Shah,Windsor Dominion CC,3.0,-8.0,0.0,0.0,0.0,0.0,-8.0
,Windsor Dominion CC,,,,,,,,
600.0,Harsha B,Street Strikers,1.0,-8.0,0.0,0.0,0.0,0.0,-8.0
,Street Strikers,,,,,,,,
601.0,Mahesh Mohan,Chatham CC,2.0,-9.0,0.0,0.0,0.0,0.0,-9.0
,Chatham CC,,,,,,,,
602.0,Nikhilesh Bejugam,Mavericks CC,1.0,1.0,-10.0,0.0,0.0,0.0,-9.0
,Mavericks CC,,,,,,,,
603.0,Anwar Shahid,Alpha XI,2.0,-10.0,0.0,0.0,0.0,0.0,-10.0
,Alpha XI,,,,,,,,
604.0,Farhan .,Windsor Lions CC,1.0,-10.0,0.0,0.0,0.0,0.0,-10.0
,Windsor Lions CC,,,,,,,,
605.0,Aryan Kohli,Gujarat Super Lions,1.0,-10.0,0.0,0.0,0.0,0.0,-10.0
,Gujarat Super Lions,,,,,,,,
606.0,Ahmad Ali Khuhro,Windsor Dominion CC,1.0,-10.0,0.0,0.0,0.0,0.0,-10.0
,Windsor Dominion CC,,,,,,,,
607.0,Karan Handa,Windsor Dominion CC,1.0,0.0,-10.0,0.0,0.0,0.0,-10.0
,Windsor Dominion CC,,,,,,,,
608.0,Daljit Rall,Windsor Lions 2,2.0,0.0,-10.0,0.0,0.0,0.0,-10.0
,Windsor Lions 2,,,,,,,,
609.0,Joshua Makwana,Windsor Dominion CC,1.0,-10.0,0.0,0.0,0.0,0.0,-10.0
,Windsor Dominion CC,,,,,,,,
610.0,Sagar Parmar,Windsor Dominion CC,1.0,-10.0,0.0,0.0,0.0,0.0,-10.0
,Windsor Dominion CC,,,,,,,,
611.0,Miguel Barnett,Cavaliers CC of Windsor,2.0,-10.0,0.0,0.0,0.0,0.0,-10.0
,Cavaliers CC of Windsor,,,,,,,,
612.0,Parth Chapla,Windsor Dominion CC,1.0,-10.0,0.0,0.0,0.0,0.0,-10.0
,Windsor Dominion CC,,,,,,,,
613.0,Navi Sharma,FSC WINDSOR,4.0,-10.0,0.0,0.0,0.0,0.0,-10.0
,FSC WINDSOR,,,,,,,,
614.0,Oluwatayo Ogunkola,Windsor Dominion CC,1.0,0.0,-10.0,0.0,0.0,0.0,-10.0
,Windsor Dominion CC,,,,,,,,
615.0,Yashkaran Thakkar,Windsor Lions CC,1.0,-10.0,0.0,0.0,0.0,0.0,-10.0
,Windsor Lions CC,,,,,,,,
616.0,Mohamad Kaif,EOCC,1.0,-10.0,0.0,0.0,0.0,0.0,-10.0
,EOCC,,,,,,,,
617.0,Pranjal Gupta,Underdogs CC,1.0,8.0,-20.0,0.0,0.0,0.0,-12.0
,Underdogs CC,,,,,,,,
618.0,Fahim Khan,Optimist CC,10.0,-13.0,0.0,0.0,0.0,0.0,-13.0
,Optimist CC,,,,,,,,
619.0,Aksh Patel,Windsor Dominion CC,9.0,-23.0,0.0,10.0,0.0,0.0,-13.0
,Windsor Dominion CC,,,,,,,,
620.0,Faisal Bhatti,Optimist CC,5.0,-4.0,-20.0,10.0,0.0,0.0,-14.0
,Optimist CC,,,,,,,,
621.0,Srinivas Pedduri,Renegades X,2.0,-15.0,0.0,0.0,0.0,0.0,-15.0
,Renegades X,,,,,,,,
622.0,Faizan Ali,Alpha XI,4.0,-19.0,0.0,0.0,0.0,0.0,-19.0
,Alpha XI,,,,,,,,
623.0,Ishan Desai,Lasalle Lightning CC,3.0,-19.0,0.0,0.0,0.0,0.0,-19.0
,Lasalle Lightning CC,,,,,,,,
624.0,Suresh P,Renegades X,7.0,-20.0,0.0,0.0,0.0,0.0,-20.0
,Renegades X,,,,,,,,
625.0,Mandeep Singh,EOCC,2.0,-10.0,-20.0,10.0,0.0,0.0,-20.0
,EOCC,,,,,,,,
626.0,Ahmed Anwer,Lasalle Lightning CC,1.0,0.0,-30.0,10.0,0.0,0.0,-20.0
,Lasalle Lightning CC,,,,,,,,
627.0,Harsh Patel,Windsor Dominion CC,3.0,-20.0,0.0,0.0,0.0,0.0,-20.0
,Windsor Dominion CC,,,,,,,,
628.0,Sahil Vichari,Vulcans CC,3.0,-10.0,-30.0,20.0,0.0,0.0,-20.0
,Vulcans CC,,,,,,,,
629.0,Mandeep S,EOCC,5.0,-17.0,-30.0,20.0,0.0,0.0,-27.0
,EOCC,,,,,,,,
630.0,Hatim Bhatti,Alpha XI,5.0,0.0,-30.0,0.0,0.0,0.0,-30.0
,Alpha XI,,,,,,,,
631.0,Richik Gangopadhyay,Windsor Lancers CC,3.0,15.0,-90.0,20.0,0.0,0.0,-55.0
,Windsor Lancers CC,,,,,,,,
